"wowheadZoneId";"nom";"decision";"monde";"continent";"region";"parent";"typeGeographique";"profondeur";"extension";"typeInstance";"statutRevue";"methodeRevue";"chemin";"note";"wowheadUrl"
"16365";"Atal’Utek";"Conservée";"Azeroth";"Royaumes de l'Est";"Atal’Utek";"continent:eastern-kingdoms";"region";"1";"Midnight";"Zone";"reviewed";"user_manual_review";"Azeroth > Royaumes de l'Est > Atal’Utek";"";"https://www.wowhead.com/fr/zone=16365"
"8526";"Bassin Arathi";"Conservée";"Azeroth";"Royaumes de l'Est";"Bassin Arathi";"continent:eastern-kingdoms";"region";"1";"Battle for Azeroth";"PvP";"reviewed";"user_manual_review";"Azeroth > Royaumes de l'Est > Bassin Arathi";"";"https://www.wowhead.com/fr/zone=8526"
"10";"Bois de la Pénombre";"Conservée";"Azeroth";"Royaumes de l'Est";"Bois de la Pénombre";"continent:eastern-kingdoms";"region";"1";"Vanilla";"Zone";"reviewed";"user_manual_review";"Azeroth > Royaumes de l'Est > Bois de la Pénombre";"";"https://www.wowhead.com/fr/zone=10"
"3430";"Bois des Chants éternels";"Conservée";"Azeroth";"Royaumes de l'Est";"Bois des Chants éternels (The Burning Crusade)";"manual-location:eastern-kingdoms:bois-des-chants-eternels-the-burning-crusade";"subzone";"2";"The Burning Crusade";"Zone";"reviewed";"user_manual_review";"Azeroth > Royaumes de l'Est > Bois des Chants éternels (The Burning Crusade) > Bois des Chants éternels";"";"https://www.wowhead.com/fr/zone=3430"
"3487";"Lune-d’Argent";"Conservée";"Azeroth";"Royaumes de l'Est";"Bois des Chants éternels (The Burning Crusade)";"manual-location:eastern-kingdoms:bois-des-chants-eternels-the-burning-crusade";"region";"2";"The Burning Crusade";"Zone";"reviewed";"user_manual_review";"Azeroth > Royaumes de l'Est > Bois des Chants éternels (The Burning Crusade) > Lune-d’Argent";"";"https://www.wowhead.com/fr/zone=3487"
"";"Bois des Chants éternels (The Burning Crusade)";"Conservée";"Azeroth";"Royaumes de l'Est";"Bois des Chants éternels (The Burning Crusade)";"continent:eastern-kingdoms";"region";"1";"The Burning Crusade";"Zone";"reviewed";"user_manual_review_synthetic_parent";"Azeroth > Royaumes de l'Est > Bois des Chants éternels (The Burning Crusade)";"Région parente créée depuis la revue manuelle.";""
"6455";"Île de Haut-Soleil";"Conservée";"Azeroth";"Royaumes de l'Est";"Bois des Chants éternels";"manual-location:eastern-kingdoms:bois-des-chants-eternels";"subzone";"2";"Mists of Pandaria";"Zone";"reviewed";"user_manual_review";"Azeroth > Royaumes de l'Est > Bois des Chants éternels > Île de Haut-Soleil";"";"https://www.wowhead.com/fr/zone=6455"
"";"Bois des Chants éternels";"Conservée";"Azeroth";"Royaumes de l'Est";"Bois des Chants éternels";"continent:eastern-kingdoms";"region";"1";"Mists of Pandaria";"Zone";"reviewed";"user_manual_review_synthetic_parent";"Azeroth > Royaumes de l'Est > Bois des Chants éternels";"Région parente créée depuis la revue manuelle.";""
"1497";"Fossoyeuse";"Conservée";"Azeroth";"Royaumes de l'Est";"Clairières de Tirisfal";"wowhead-zone:85";"region";"2";"Vanilla";"Zone";"reviewed";"user_manual_review";"Azeroth > Royaumes de l'Est > Clairières de Tirisfal > Fossoyeuse";"";"https://www.wowhead.com/fr/zone=1497"
"6454";"Le Glas";"Conservée";"Azeroth";"Royaumes de l'Est";"Clairières de Tirisfal";"wowhead-zone:85";"subzone";"2";"Mists of Pandaria";"Zone";"reviewed";"user_manual_review";"Azeroth > Royaumes de l'Est > Clairières de Tirisfal > Le Glas";"";"https://www.wowhead.com/fr/zone=6454"
"13983";"Clairières de Tirisfal";"Conservée";"Azeroth";"Royaumes de l'Est";"Clairières de Tirisfal";"continent:eastern-kingdoms";"region";"1";"Shadowlands";"Zone";"reviewed";"user_manual_review";"Azeroth > Royaumes de l'Est > Clairières de Tirisfal";"";"https://www.wowhead.com/fr/zone=13983"
"85";"Clairières de Tirisfal";"Conservée";"Azeroth";"Royaumes de l'Est";"Clairières de Tirisfal";"continent:eastern-kingdoms";"region";"1";"Vanilla";"Zone";"reviewed";"user_manual_review";"Azeroth > Royaumes de l'Est > Clairières de Tirisfal";"";"https://www.wowhead.com/fr/zone=85"
"36";"Montagnes d’Alterac";"Conservée";"Azeroth";"Royaumes de l'Est";"Contreforts de Hautebrande";"wowhead-zone:267";"subzone";"2";"Vanilla";"Zone";"reviewed";"user_manual_review";"Azeroth > Royaumes de l'Est > Contreforts de Hautebrande > Montagnes d’Alterac";"";"https://www.wowhead.com/fr/zone=36"
"267";"Contreforts de Hautebrande";"Conservée";"Azeroth";"Royaumes de l'Est";"Contreforts de Hautebrande";"continent:eastern-kingdoms";"region";"1";"Vanilla";"Zone";"reviewed";"user_manual_review";"Azeroth > Royaumes de l'Est > Contreforts de Hautebrande";"";"https://www.wowhead.com/fr/zone=267"
"14730";"Crèche abandonnée";"Conservée";"Azeroth";"Royaumes de l'Est";"Crèche abandonnée";"continent:eastern-kingdoms";"region";"1";"The War Within";"Zone";"reviewed";"user_manual_review";"Azeroth > Royaumes de l'Est > Crèche abandonnée";"";"https://www.wowhead.com/fr/zone=14730"
"7888";"La citadelle Pourpre";"Conservée";"Azeroth";"Royaumes de l'Est";"Dalaran";"wowhead-zone:7886";"subzone";"2";"Legion";"Zone";"reviewed";"user_manual_review";"Azeroth > Royaumes de l'Est > Dalaran > La citadelle Pourpre";"";"https://www.wowhead.com/fr/zone=7888"
"7899";"La halle des mages";"Conservée";"Azeroth";"Royaumes de l'Est";"Dalaran";"wowhead-zone:7886";"subzone";"2";"Legion";"Zone";"reviewed";"user_manual_review";"Azeroth > Royaumes de l'Est > Dalaran > La halle des mages";"";"https://www.wowhead.com/fr/zone=7899"
"7898";"Le Brunant";"Conservée";"Azeroth";"Royaumes de l'Est";"Dalaran";"wowhead-zone:7886";"subzone";"2";"Legion";"Zone";"reviewed";"user_manual_review";"Azeroth > Royaumes de l'Est > Dalaran > Le Brunant";"";"https://www.wowhead.com/fr/zone=7898"
"7895";"Le fort Pourpre";"Conservée";"Azeroth";"Royaumes de l'Est";"Dalaran";"wowhead-zone:7886";"subzone";"2";"Legion";"Zone";"reviewed";"user_manual_review";"Azeroth > Royaumes de l'Est > Dalaran > Le fort Pourpre";"";"https://www.wowhead.com/fr/zone=7895"
"7897";"Les Entrailles";"Conservée";"Azeroth";"Royaumes de l'Est";"Dalaran";"wowhead-zone:7886";"subzone";"2";"Legion";"Zone";"reviewed";"user_manual_review";"Azeroth > Royaumes de l'Est > Dalaran > Les Entrailles";"";"https://www.wowhead.com/fr/zone=7897"
"7885";"Monument à Antonidas";"Conservée";"Azeroth";"Royaumes de l'Est";"Dalaran";"wowhead-zone:7886";"subzone";"2";"Legion";"Zone";"reviewed";"user_manual_review";"Azeroth > Royaumes de l'Est > Dalaran > Monument à Antonidas";"";"https://www.wowhead.com/fr/zone=7885"
"7900";"Retraite de Vargoth";"Conservée";"Azeroth";"Royaumes de l'Est";"Dalaran";"wowhead-zone:7886";"subzone";"2";"Legion";"Zone";"reviewed";"user_manual_review";"Azeroth > Royaumes de l'Est > Dalaran > Retraite de Vargoth";"";"https://www.wowhead.com/fr/zone=7900"
"7892";"Rochers flottants de Dalaran";"Conservée";"Azeroth";"Royaumes de l'Est";"Dalaran";"wowhead-zone:7886";"subzone";"2";"Legion";"Zone";"reviewed";"user_manual_review";"Azeroth > Royaumes de l'Est > Dalaran > Rochers flottants de Dalaran";"";"https://www.wowhead.com/fr/zone=7892"
"7886";"Dalaran";"Conservée";"Azeroth";"Royaumes de l'Est";"Dalaran";"continent:eastern-kingdoms";"region";"1";"Legion";"Zone";"reviewed";"user_manual_review";"Azeroth > Royaumes de l'Est > Dalaran";"";"https://www.wowhead.com/fr/zone=7886"
"41";"Défilé de Deuillevent";"Conservée";"Azeroth";"Royaumes de l'Est";"Défilé de Deuillevent";"continent:eastern-kingdoms";"region";"1";"Vanilla";"Zone";"reviewed";"user_manual_review";"Azeroth > Royaumes de l'Est > Défilé de Deuillevent";"";"https://www.wowhead.com/fr/zone=41"
"1537";"Forgefer";"Conservée";"Azeroth";"Royaumes de l'Est";"Dun Morogh";"wowhead-zone:1";"region";"2";"Vanilla";"Zone";"reviewed";"user_manual_review";"Azeroth > Royaumes de l'Est > Dun Morogh > Forgefer";"";"https://www.wowhead.com/fr/zone=1537"
"6457";"La Nouvelle-Brikabrok";"Conservée";"Azeroth";"Royaumes de l'Est";"Dun Morogh";"wowhead-zone:1";"subzone";"2";"Mists of Pandaria";"Zone";"reviewed";"user_manual_review";"Azeroth > Royaumes de l'Est > Dun Morogh > La Nouvelle-Brikabrok";"";"https://www.wowhead.com/fr/zone=6457"
"6176";"Vallée des Frigères";"Conservée";"Azeroth";"Royaumes de l'Est";"Dun Morogh";"wowhead-zone:1";"subzone";"2";"Mists of Pandaria";"Zone";"reviewed";"user_manual_review";"Azeroth > Royaumes de l'Est > Dun Morogh > Vallée des Frigères";"";"https://www.wowhead.com/fr/zone=6176"
"1";"Dun Morogh";"Conservée";"Azeroth";"Royaumes de l'Est";"Dun Morogh";"continent:eastern-kingdoms";"region";"1";"Vanilla";"Zone";"reviewed";"user_manual_review";"Azeroth > Royaumes de l'Est > Dun Morogh";"";"https://www.wowhead.com/fr/zone=1"
"6170";"Comté-du-Nord";"Conservée";"Azeroth";"Royaumes de l'Est";"Forêt d'Elwynn";"wowhead-zone:12";"subzone";"2";"Mists of Pandaria";"Zone";"reviewed";"user_manual_review";"Azeroth > Royaumes de l'Est > Forêt d’Elwynn > Comté-du-Nord";"";"https://www.wowhead.com/fr/zone=6170"
"2257";"Tram des profondeurs";"Conservée";"Azeroth";"Royaumes de l'Est";"Hurlevent, Forgefer";"wowhead-zone:1519 | wowhead-zone:1537";"subzone";"3";"Vanilla";"Transit";"reviewed";"user_manual_review";"Azeroth > Royaumes de l'Est > Forêt d’Elwynn > Hurlevent > Tram des profondeurs";"";"https://www.wowhead.com/fr/zone=2257"
"1519";"Hurlevent";"Conservée";"Azeroth";"Royaumes de l'Est";"Forêt d’Elwynn";"wowhead-zone:12";"region";"2";"Vanilla";"Zone";"reviewed";"user_manual_review";"Azeroth > Royaumes de l'Est > Forêt d’Elwynn > Hurlevent";"";"https://www.wowhead.com/fr/zone=1519"
"12";"Forêt d’Elwynn";"Conservée";"Azeroth";"Royaumes de l'Est";"Forêt d’Elwynn";"continent:eastern-kingdoms";"region";"1";"Vanilla";"Zone";"reviewed";"user_manual_review";"Azeroth > Royaumes de l'Est > Forêt d’Elwynn";"";"https://www.wowhead.com/fr/zone=12"
"130";"Forêt des Pins-Argentés";"Conservée";"Azeroth";"Royaumes de l'Est";"Forêt des Pins-Argentés";"continent:eastern-kingdoms";"region";"1";"Vanilla";"Zone";"reviewed";"user_manual_review";"Azeroth > Royaumes de l'Est > Forêt des Pins-Argentés";"";"https://www.wowhead.com/fr/zone=130"
"8529";"Fosse de Saron";"Conservée";"Azeroth";"Royaumes de l'Est";"Fosse de Saron";"continent:eastern-kingdoms";"region";"1";"Legion";"Zone";"reviewed";"user_manual_review";"Azeroth > Royaumes de l'Est > Fosse de Saron";"";"https://www.wowhead.com/fr/zone=8529"
"4714";"Gilnéas";"Conservée";"Azeroth";"Royaumes de l'Est";"Gilnéas (région)";"manual-location:eastern-kingdoms:gilneas-region";"region";"2";"Cataclysm";"Zone";"reviewed";"user_manual_review";"Azeroth > Royaumes de l'Est > Gilnéas (région) > Gilnéas";"";"https://www.wowhead.com/fr/zone=4714"
"";"Gilnéas (région)";"Conservée";"Azeroth";"Royaumes de l'Est";"Gilnéas (région)";"continent:eastern-kingdoms";"region";"1";"Cataclysm";"Zone";"reviewed";"user_manual_review_synthetic_parent";"Azeroth > Royaumes de l'Est > Gilnéas (région)";"Région parente créée depuis la revue manuelle.";""
"51";"Gorge des Vents brûlants";"Conservée";"Azeroth";"Royaumes de l'Est";"Gorge des Vents brûlants";"continent:eastern-kingdoms";"region";"1";"Vanilla";"Zone";"reviewed";"user_manual_review";"Azeroth > Royaumes de l'Est > Gorge des Vents brûlants";"";"https://www.wowhead.com/fr/zone=51"
"8685";"Goulet des Chanteguerres";"Conservée";"Azeroth";"Royaumes de l'Est";"Goulet des Chanteguerres";"continent:eastern-kingdoms";"region";"1";"Battle for Azeroth";"PvP";"reviewed";"user_manual_review";"Azeroth > Royaumes de l'Est > Goulet des Chanteguerres";"";"https://www.wowhead.com/fr/zone=8685"
"45";"Hautes-terres Arathies";"Conservée";"Azeroth";"Royaumes de l'Est";"Hautes-terres Arathies";"continent:eastern-kingdoms";"region";"1";"Vanilla";"Zone";"reviewed";"user_manual_review";"Azeroth > Royaumes de l'Est > Hautes-terres Arathies";"";"https://www.wowhead.com/fr/zone=45"
"4922";"Hautes-terres du Crépuscule";"Conservée";"Azeroth";"Royaumes de l'Est";"Hautes-terres du Crépuscule";"continent:eastern-kingdoms";"region";"1";"Cataclysm";"Zone";"reviewed";"user_manual_review";"Azeroth > Royaumes de l'Est > Hautes-terres du Crépuscule";"";"https://www.wowhead.com/fr/zone=4922"
"7894";"Île de Dalaran";"Conservée";"Azeroth";"Royaumes de l'Est";"Île de Dalaran";"continent:eastern-kingdoms";"region";"1";"Legion";"Zone";"reviewed";"user_manual_review";"Azeroth > Royaumes de l'Est > Île de Dalaran";"";"https://www.wowhead.com/fr/zone=7894"
"9331";"Île de Gilnéas";"Conservée";"Azeroth";"Royaumes de l'Est";"Île de Gilnéas";"continent:eastern-kingdoms";"region";"1";"Battle for Azeroth";"Zone";"reviewed";"user_manual_review";"Azeroth > Royaumes de l'Est > Île de Gilnéas";"";"https://www.wowhead.com/fr/zone=9331"
"17067";"Le Lycaneum";"Conservée";"Azeroth";"Royaumes de l'Est";"Île de Quel’Danas";"wowhead-zone:4080";"subzone";"2";"Midnight";"Zone";"reviewed";"user_manual_review";"Azeroth > Royaumes de l'Est > Île de Quel’Danas > Le Lycaneum";"";"https://www.wowhead.com/fr/zone=17067"
"4080";"Île de Quel’Danas";"Conservée";"Azeroth";"Royaumes de l'Est";"Île de Quel’Danas";"continent:eastern-kingdoms";"region";"1";"Vanilla";"Zone";"reviewed";"user_manual_review";"Azeroth > Royaumes de l'Est > Île de Quel’Danas";"";"https://www.wowhead.com/fr/zone=4080"
"8489";"Îles";"Conservée";"Azeroth";"Royaumes de l'Est";"Îles";"continent:eastern-kingdoms";"region";"1";"Battle for Azeroth";"Zone";"reviewed";"user_manual_review";"Azeroth > Royaumes de l'Est > Îles";"";"https://www.wowhead.com/fr/zone=8489"
"4406";"L’arène des Valeureux";"Conservée";"Azeroth";"Royaumes de l'Est";"L’arène des Valeureux";"continent:eastern-kingdoms";"region";"1";"Wrath of the Lich King";"PvP";"reviewed";"user_manual_review";"Azeroth > Royaumes de l'Est > L’arène des Valeureux";"";"https://www.wowhead.com/fr/zone=4406"
"44";"Les Carmines";"Conservée";"Azeroth";"Royaumes de l'Est";"Les Carmines";"continent:eastern-kingdoms";"region";"1";"Vanilla";"Zone";"reviewed";"user_manual_review";"Azeroth > Royaumes de l'Est > Les Carmines";"";"https://www.wowhead.com/fr/zone=44"
"47";"Les Hinterlands";"Conservée";"Azeroth";"Royaumes de l'Est";"Les Hinterlands";"continent:eastern-kingdoms";"region";"1";"Vanilla";"Zone";"reviewed";"user_manual_review";"Azeroth > Royaumes de l'Est > Les Hinterlands";"";"https://www.wowhead.com/fr/zone=47"
"11";"Les Paluns";"Conservée";"Azeroth";"Royaumes de l'Est";"Les Paluns";"continent:eastern-kingdoms";"region";"1";"Vanilla";"Zone";"reviewed";"user_manual_review";"Azeroth > Royaumes de l'Est > Les Paluns";"";"https://www.wowhead.com/fr/zone=11"
"3433";"Les terres Fantômes";"Conservée";"Azeroth";"Royaumes de l'Est";"Les terres Fantômes";"continent:eastern-kingdoms";"region";"1";"Vanilla";"Zone";"reviewed";"user_manual_review";"Azeroth > Royaumes de l'Est > Les terres Fantômes";"";"https://www.wowhead.com/fr/zone=3433"
"8525";"Les tréfonds Putrides";"Conservée";"Azeroth";"Royaumes de l'Est";"Les tréfonds Putrides";"continent:eastern-kingdoms";"region";"1";"Battle for Azeroth";"Zone";"reviewed";"user_manual_review";"Azeroth > Royaumes de l'Est > Les tréfonds Putrides";"";"https://www.wowhead.com/fr/zone=8525"
"38";"Loch Modan";"Conservée";"Azeroth";"Royaumes de l'Est";"Loch Modan";"continent:eastern-kingdoms";"region";"1";"Vanilla";"Zone";"reviewed";"user_manual_review";"Azeroth > Royaumes de l'Est > Loch Modan";"";"https://www.wowhead.com/fr/zone=38"
"4298";"Maleterres : l’enclave Écarlate";"Conservée";"Azeroth";"Royaumes de l'Est";"Maleterres : l’enclave Écarlate";"continent:eastern-kingdoms";"region";"1";"Wrath of the Lich King";"Zone";"reviewed";"user_manual_review";"Azeroth > Royaumes de l'Est > Maleterres : l’enclave Écarlate";"";"https://www.wowhead.com/fr/zone=4298"
"139";"Maleterres de l’Est";"Conservée";"Azeroth";"Royaumes de l'Est";"Maleterres de l’Est";"continent:eastern-kingdoms";"region";"1";"Vanilla";"Zone";"reviewed";"user_manual_review";"Azeroth > Royaumes de l'Est > Maleterres de l’Est";"";"https://www.wowhead.com/fr/zone=139"
"28";"Maleterres de l’Ouest";"Conservée";"Azeroth";"Royaumes de l'Est";"Maleterres de l’Ouest";"continent:eastern-kingdoms";"region";"1";"Vanilla";"Zone";"reviewed";"user_manual_review";"Azeroth > Royaumes de l'Est > Maleterres de l’Ouest";"";"https://www.wowhead.com/fr/zone=28"
"8";"Marais des Chagrins";"Conservée";"Azeroth";"Royaumes de l'Est";"Marais des Chagrins";"continent:eastern-kingdoms";"region";"1";"Vanilla";"Zone";"reviewed";"user_manual_review";"Azeroth > Royaumes de l'Est > Marais des Chagrins";"";"https://www.wowhead.com/fr/zone=8"
"40";"Marche de l’Ouest";"Conservée";"Azeroth";"Royaumes de l'Est";"Marche de l’Ouest";"continent:eastern-kingdoms";"region";"1";"Vanilla";"Zone";"reviewed";"user_manual_review";"Azeroth > Royaumes de l'Est > Marche de l’Ouest";"";"https://www.wowhead.com/fr/zone=40"
"4706";"Ruines de Gilnéas";"Conservée";"Azeroth";"Royaumes de l'Est";"Ruines de Gilnéas";"continent:eastern-kingdoms";"region";"1";"Cataclysm";"Zone";"reviewed";"user_manual_review";"Azeroth > Royaumes de l'Est > Ruines de Gilnéas";"";"https://www.wowhead.com/fr/zone=4706"
"25";"Mont Rochenoire";"Conservée";"Azeroth";"Royaumes de l'Est";"Steppes Ardentes";"wowhead-zone:46";"subzone";"2";"Vanilla";"Zone";"reviewed";"user_manual_review";"Azeroth > Royaumes de l'Est > Steppes Ardentes > Mont Rochenoire";"";"https://www.wowhead.com/fr/zone=25"
"10028";"Profondeurs de Rochenoire";"Conservée";"Azeroth";"Royaumes de l'Est";"Steppes Ardentes";"wowhead-zone:46";"subzone";"2";"Battle for Azeroth";"Zone";"reviewed";"user_manual_review";"Azeroth > Royaumes de l'Est > Steppes Ardentes > Profondeurs de Rochenoire";"";"https://www.wowhead.com/fr/zone=10028"
"46";"Steppes Ardentes";"Conservée";"Azeroth";"Royaumes de l'Est";"Steppes Ardentes";"continent:eastern-kingdoms";"region";"1";"Vanilla";"Zone";"reviewed";"user_manual_review";"Azeroth > Royaumes de l'Est > Steppes Ardentes";"";"https://www.wowhead.com/fr/zone=46"
"4";"Terres Foudroyées";"Conservée";"Azeroth";"Royaumes de l'Est";"Terres Foudroyées";"continent:eastern-kingdoms";"region";"1";"Vanilla";"Zone";"reviewed";"user_manual_review";"Azeroth > Royaumes de l'Est > Terres Foudroyées";"";"https://www.wowhead.com/fr/zone=4"
"3";"Terres Ingrates";"Conservée";"Azeroth";"Royaumes de l'Est";"Terres Ingrates";"continent:eastern-kingdoms";"region";"1";"Vanilla";"Zone";"reviewed";"user_manual_review";"Azeroth > Royaumes de l'Est > Terres Ingrates";"";"https://www.wowhead.com/fr/zone=3"
"5287";"Cap Strangleronce";"Conservée";"Azeroth";"Royaumes de l'Est";"Vallée de Strangleronce";"wowhead-zone:5339";"subzone";"2";"Vanilla";"Zone";"reviewed";"user_manual_review";"Azeroth > Royaumes de l'Est > Vallée de Strangleronce > Cap Strangleronce";"";"https://www.wowhead.com/fr/zone=5287"
"33";"Strangleronce septentrionale";"Conservée";"Azeroth";"Royaumes de l'Est";"Vallée de Strangleronce";"wowhead-zone:5339";"subzone";"2";"Vanilla";"Zone";"reviewed";"user_manual_review";"Azeroth > Royaumes de l'Est > Vallée de Strangleronce > Strangleronce septentrionale";"";"https://www.wowhead.com/fr/zone=33"
"5339";"Vallée de Strangleronce";"Conservée";"Azeroth";"Royaumes de l'Est";"Vallée de Strangleronce";"continent:eastern-kingdoms";"region";"1";"Vanilla";"Zone";"reviewed";"user_manual_review";"Azeroth > Royaumes de l'Est > Vallée de Strangleronce";"";"https://www.wowhead.com/fr/zone=5339"
"5144";"Étendues Chatoyantes";"Conservée";"Azeroth";"Royaumes de l'Est";"Vashj’ir";"wowhead-zone:5146";"subzone";"2";"Cataclysm";"Zone";"reviewed";"user_manual_review";"Azeroth > Royaumes de l'Est > Vashj’ir > Étendues Chatoyantes";"";"https://www.wowhead.com/fr/zone=5144"
"4815";"Forêt de Varech’thar";"Conservée";"Azeroth";"Royaumes de l'Est";"Vashj’ir";"wowhead-zone:5146";"subzone";"2";"Cataclysm";"Zone";"reviewed";"user_manual_review";"Azeroth > Royaumes de l'Est > Vashj’ir > Forêt de Varech’thar";"";"https://www.wowhead.com/fr/zone=4815"
"5145";"Profondeurs Abyssales";"Conservée";"Azeroth";"Royaumes de l'Est";"Vashj’ir";"wowhead-zone:5146";"subzone";"2";"Cataclysm";"Zone";"reviewed";"user_manual_review";"Azeroth > Royaumes de l'Est > Vashj’ir > Profondeurs Abyssales";"";"https://www.wowhead.com/fr/zone=5145"
"5146";"Vashj’ir";"Conservée";"Azeroth";"Royaumes de l'Est";"Vashj’ir";"continent:eastern-kingdoms";"region";"1";"Cataclysm";"Zone";"reviewed";"user_manual_review";"Azeroth > Royaumes de l'Est > Vashj’ir";"";"https://www.wowhead.com/fr/zone=5146"
"16194";"Atal’Aman";"Conservée";"Azeroth";"Royaumes de l'Est";"Zul'Aman";"manual-location:eastern-kingdoms:zul-aman";"subzone";"2";"Midnight";"Zone";"reviewed";"user_manual_review";"Azeroth > Royaumes de l'Est > Zul'Aman > Atal’Aman";"";"https://www.wowhead.com/fr/zone=16194"
"16375";"Tanière de Tisse-Loa";"Conservée";"Azeroth";"Royaumes de l'Est";"Zul'Aman";"manual-location:eastern-kingdoms:zul-aman";"subzone";"2";"Midnight";"Zone";"reviewed";"user_manual_review";"Azeroth > Royaumes de l'Est > Zul'Aman > Tanière de Tisse-Loa";"";"https://www.wowhead.com/fr/zone=16375"
"";"Zul'Aman";"Conservée";"Azeroth";"Royaumes de l'Est";"Zul'Aman";"continent:eastern-kingdoms";"region";"1";"Midnight";"Zone";"reviewed";"user_manual_review_synthetic_parent";"Azeroth > Royaumes de l'Est > Zul'Aman";"Région parente créée depuis la revue manuelle.";""
"5";"- QA and DVD GLOBAL -";"Supprimée";"Azeroth";"Royaumes de l'Est";"";"";"";"";"Legion";"Zone";"excluded";"user_manual_review";"";"Décision Supprimée lors de la revue manuelle.";"https://www.wowhead.com/fr/zone=5"
"16381";"[DO NOT DISTURB]";"Supprimée";"Azeroth";"Royaumes de l'Est";"";"";"";"";"The War Within";"Zone";"excluded";"user_manual_review";"";"Entrée technique marquée [DO NOT DISTURB], retirée avant la revue manuelle.";"https://www.wowhead.com/fr/zone=16381"
"16387";"[DO NOT DISTURB]";"Supprimée";"Azeroth";"Royaumes de l'Est";"";"";"";"";"The War Within";"Zone";"excluded";"user_manual_review";"";"Entrée technique marquée [DO NOT DISTURB], retirée avant la revue manuelle.";"https://www.wowhead.com/fr/zone=16387"
"16391";"[DO NOT DISTURB]";"Supprimée";"Azeroth";"Royaumes de l'Est";"";"";"";"";"The War Within";"Zone";"excluded";"user_manual_review";"";"Entrée technique marquée [DO NOT DISTURB], retirée avant la revue manuelle.";"https://www.wowhead.com/fr/zone=16391"
"16392";"[DO NOT DISTURB]";"Supprimée";"Azeroth";"Royaumes de l'Est";"";"";"";"";"The War Within";"Zone";"excluded";"user_manual_review";"";"Entrée technique marquée [DO NOT DISTURB], retirée avant la revue manuelle.";"https://www.wowhead.com/fr/zone=16392"
"16402";"[DO NOT DISTURB]";"Supprimée";"Azeroth";"Royaumes de l'Est";"";"";"";"";"The War Within";"Zone";"excluded";"user_manual_review";"";"Entrée technique marquée [DO NOT DISTURB], retirée avant la revue manuelle.";"https://www.wowhead.com/fr/zone=16402"
"16403";"[DO NOT DISTURB]";"Supprimée";"Azeroth";"Royaumes de l'Est";"";"";"";"";"The War Within";"Zone";"excluded";"user_manual_review";"";"Entrée technique marquée [DO NOT DISTURB], retirée avant la revue manuelle.";"https://www.wowhead.com/fr/zone=16403"
"16404";"[DO NOT DISTURB]";"Supprimée";"Azeroth";"Royaumes de l'Est";"";"";"";"";"Midnight";"Zone";"excluded";"user_manual_review";"";"Entrée technique marquée [DO NOT DISTURB], retirée avant la revue manuelle.";"https://www.wowhead.com/fr/zone=16404"
"16405";"[DO NOT DISTURB]";"Supprimée";"Azeroth";"Royaumes de l'Est";"";"";"";"";"Midnight";"Zone";"excluded";"user_manual_review";"";"Entrée technique marquée [DO NOT DISTURB], retirée avant la revue manuelle.";"https://www.wowhead.com/fr/zone=16405"
"16406";"[DO NOT DISTURB]";"Supprimée";"Azeroth";"Royaumes de l'Est";"";"";"";"";"The War Within";"Zone";"excluded";"user_manual_review";"";"Entrée technique marquée [DO NOT DISTURB], retirée avant la revue manuelle.";"https://www.wowhead.com/fr/zone=16406"
"16407";"[DO NOT DISTURB]";"Supprimée";"Azeroth";"Royaumes de l'Est";"";"";"";"";"The War Within";"Zone";"excluded";"user_manual_review";"";"Entrée technique marquée [DO NOT DISTURB], retirée avant la revue manuelle.";"https://www.wowhead.com/fr/zone=16407"
"16408";"[DO NOT DISTURB]";"Supprimée";"Azeroth";"Royaumes de l'Est";"";"";"";"";"Midnight";"Zone";"excluded";"user_manual_review";"";"Entrée technique marquée [DO NOT DISTURB], retirée avant la revue manuelle.";"https://www.wowhead.com/fr/zone=16408"
"16409";"[DO NOT DISTURB]";"Supprimée";"Azeroth";"Royaumes de l'Est";"";"";"";"";"The War Within";"Zone";"excluded";"user_manual_review";"";"Entrée technique marquée [DO NOT DISTURB], retirée avant la revue manuelle.";"https://www.wowhead.com/fr/zone=16409"
"16410";"[DO NOT DISTURB]";"Supprimée";"Azeroth";"Royaumes de l'Est";"";"";"";"";"Midnight";"Zone";"excluded";"user_manual_review";"";"Entrée technique marquée [DO NOT DISTURB], retirée avant la revue manuelle.";"https://www.wowhead.com/fr/zone=16410"
"16411";"[DO NOT DISTURB]";"Supprimée";"Azeroth";"Royaumes de l'Est";"";"";"";"";"Midnight";"Zone";"excluded";"user_manual_review";"";"Entrée technique marquée [DO NOT DISTURB], retirée avant la revue manuelle.";"https://www.wowhead.com/fr/zone=16411"
"16412";"[DO NOT DISTURB]";"Supprimée";"Azeroth";"Royaumes de l'Est";"";"";"";"";"Midnight";"Zone";"excluded";"user_manual_review";"";"Entrée technique marquée [DO NOT DISTURB], retirée avant la revue manuelle.";"https://www.wowhead.com/fr/zone=16412"
"16413";"[DO NOT DISTURB]";"Supprimée";"Azeroth";"Royaumes de l'Est";"";"";"";"";"Midnight";"Zone";"excluded";"user_manual_review";"";"Entrée technique marquée [DO NOT DISTURB], retirée avant la revue manuelle.";"https://www.wowhead.com/fr/zone=16413"
"16414";"[DO NOT DISTURB]";"Supprimée";"Azeroth";"Royaumes de l'Est";"";"";"";"";"Midnight";"Zone";"excluded";"user_manual_review";"";"Entrée technique marquée [DO NOT DISTURB], retirée avant la revue manuelle.";"https://www.wowhead.com/fr/zone=16414"
"16533";"[DO NOT DISTURB]";"Supprimée";"Azeroth";"Royaumes de l'Est";"";"";"";"";"The War Within";"Zone";"excluded";"user_manual_review";"";"Entrée technique marquée [DO NOT DISTURB], retirée avant la revue manuelle.";"https://www.wowhead.com/fr/zone=16533"
"16540";"[DO NOT DISTURB]";"Supprimée";"Azeroth";"Royaumes de l'Est";"";"";"";"";"The War Within";"Zone";"excluded";"user_manual_review";"";"Entrée technique marquée [DO NOT DISTURB], retirée avant la revue manuelle.";"https://www.wowhead.com/fr/zone=16540"
"16621";"[DO NOT DISTURB]";"Supprimée";"Azeroth";"Royaumes de l'Est";"";"";"";"";"The War Within";"Zone";"excluded";"user_manual_review";"";"Entrée technique marquée [DO NOT DISTURB], retirée avant la revue manuelle.";"https://www.wowhead.com/fr/zone=16621"
"16309";"[NE PAS DÉRANGER]";"Supprimée";"Azeroth";"Royaumes de l'Est";"";"";"";"";"The War Within";"Zone";"excluded";"user_manual_review";"";"Entrée technique marquée [NE PAS DÉRANGER], retirée avant la revue manuelle.";"https://www.wowhead.com/fr/zone=16309"
"8661";"[PH] JT Test World";"Supprimée";"Azeroth";"Royaumes de l'Est";"";"";"";"";"Battle for Azeroth";"Zone";"excluded";"user_manual_review";"";"Entrée technique contenant le mot Test, retirée avant la revue manuelle.";"https://www.wowhead.com/fr/zone=8661"
"9099";"[TEMP] CV JulienTest";"Supprimée";"Azeroth";"Royaumes de l'Est";"";"";"";"";"Battle for Azeroth";"Zone";"excluded";"user_manual_review";"";"Entrée technique contenant le mot Test, retirée avant la revue manuelle.";"https://www.wowhead.com/fr/zone=9099"
"8491";"[TEMP] CV Kul Tiras Island";"Supprimée";"Azeroth";"Royaumes de l'Est";"";"";"";"";"Battle for Azeroth";"Zone";"excluded";"user_manual_review";"";"Entrée technique correspondant à un marqueur de développement retiré avant la revue manuelle.";"https://www.wowhead.com/fr/zone=8491"
"8634";"[TEMP] Hackaton CV";"Supprimée";"Azeroth";"Royaumes de l'Est";"";"";"";"";"Battle for Azeroth";"Zone";"excluded";"user_manual_review";"";"Entrée technique correspondant à un marqueur de développement retiré avant la revue manuelle.";"https://www.wowhead.com/fr/zone=8634"
"8636";"[TEMP] Hackaton Race";"Supprimée";"Azeroth";"Royaumes de l'Est";"";"";"";"";"Battle for Azeroth";"Zone";"excluded";"user_manual_review";"";"Entrée technique correspondant à un marqueur de développement retiré avant la revue manuelle.";"https://www.wowhead.com/fr/zone=8636"
"8637";"[TEMP] Hackaton Race";"Supprimée";"Azeroth";"Royaumes de l'Est";"";"";"";"";"Battle for Azeroth";"Zone";"excluded";"user_manual_review";"";"Entrée technique correspondant à un marqueur de développement retiré avant la revue manuelle.";"https://www.wowhead.com/fr/zone=8637"
"8448";"[TEMP] JT Zandalar Swamp";"Supprimée";"Azeroth";"Royaumes de l'Est";"";"";"";"";"Battle for Azeroth";"Zone";"excluded";"user_manual_review";"";"Entrée technique correspondant à un marqueur de développement retiré avant la revue manuelle.";"https://www.wowhead.com/fr/zone=8448"
"8330";"[TEMP] Placeholder Area - Level Design Land - Wind Test";"Supprimée";"Azeroth";"Royaumes de l'Est";"";"";"";"";"Legion";"Zone";"excluded";"user_manual_review";"";"Entrée technique contenant le mot Test, retirée avant la revue manuelle.";"https://www.wowhead.com/fr/zone=8330"
"8006";"[TEMP] Tech Test - Seamless World Transition A (JT)";"Supprimée";"Azeroth";"Royaumes de l'Est";"";"";"";"";"Legion";"Zone";"excluded";"user_manual_review";"";"Entrée technique contenant le mot Test, retirée avant la revue manuelle.";"https://www.wowhead.com/fr/zone=8006"
"8007";"[TEMP] Tech Test - Seamless World Transition B (JT)";"Supprimée";"Azeroth";"Royaumes de l'Est";"";"";"";"";"Legion";"Zone";"excluded";"user_manual_review";"";"Entrée technique contenant le mot Test, retirée avant la revue manuelle.";"https://www.wowhead.com/fr/zone=8007"
"9023";"[Test] Environment Art - Tina 01";"Supprimée";"Azeroth";"Royaumes de l'Est";"";"";"";"";"Battle for Azeroth";"Zone";"excluded";"user_manual_review";"";"Entrée technique contenant le mot Test, retirée avant la revue manuelle.";"https://www.wowhead.com/fr/zone=9023"
"13554";"10 Canyon";"Supprimée";"Azeroth";"Royaumes de l'Est";"";"";"";"";"Dragonflight";"Zone";"excluded";"user_manual_review";"";"Décision Supprimée lors de la revue manuelle.";"https://www.wowhead.com/fr/zone=13554"
"13636";"10 Highlands";"Supprimée";"Azeroth";"Royaumes de l'Est";"";"";"";"";"Dragonflight";"Zone";"excluded";"user_manual_review";"";"Décision Supprimée lors de la revue manuelle.";"https://www.wowhead.com/fr/zone=13636"
"14484";"10.2 Devland";"Supprimée";"Azeroth";"Royaumes de l'Est";"";"";"";"";"The War Within";"Zone";"excluded";"user_manual_review";"";"Décision Supprimée lors de la revue manuelle.";"https://www.wowhead.com/fr/zone=14484"
"14519";"10Zone6-Devland";"Supprimée";"Azeroth";"Royaumes de l'Est";"";"";"";"";"Dragonflight";"Zone";"excluded";"user_manual_review";"";"Décision Supprimée lors de la revue manuelle.";"https://www.wowhead.com/fr/zone=14519"
"14523";"11 Zone3";"Supprimée";"Azeroth";"Royaumes de l'Est";"";"";"";"";"The War Within";"Zone";"excluded";"user_manual_review";"";"Décision Supprimée lors de la revue manuelle.";"https://www.wowhead.com/fr/zone=14523"
"14908";"11.0 - Underground Test";"Supprimée";"Azeroth";"Royaumes de l'Est";"";"";"";"";"The War Within";"Zone";"excluded";"user_manual_review";"";"Entrée technique contenant le mot Test, retirée avant la revue manuelle.";"https://www.wowhead.com/fr/zone=14908"
"15334";"11.2 - Karesh Test";"Supprimée";"Azeroth";"Royaumes de l'Est";"";"";"";"";"The War Within";"Zone";"excluded";"user_manual_review";"";"Entrée technique contenant le mot Test, retirée avant la revue manuelle.";"https://www.wowhead.com/fr/zone=15334"
"14517";"11Test1";"Supprimée";"Azeroth";"Royaumes de l'Est";"";"";"";"";"The War Within";"Zone";"excluded";"user_manual_review";"";"Entrée technique contenant le mot Test, retirée avant la revue manuelle.";"https://www.wowhead.com/fr/zone=14517"
"14615";"11Test2";"Supprimée";"Azeroth";"Royaumes de l'Est";"";"";"";"";"The War Within";"Zone";"excluded";"user_manual_review";"";"Entrée technique contenant le mot Test, retirée avant la revue manuelle.";"https://www.wowhead.com/fr/zone=14615"
"14658";"11Test3";"Supprimée";"Azeroth";"Royaumes de l'Est";"";"";"";"";"The War Within";"Zone";"excluded";"user_manual_review";"";"Entrée technique contenant le mot Test, retirée avant la revue manuelle.";"https://www.wowhead.com/fr/zone=14658"
"14661";"11Test4";"Supprimée";"Azeroth";"Royaumes de l'Est";"";"";"";"";"The War Within";"Zone";"excluded";"user_manual_review";"";"Entrée technique contenant le mot Test, retirée avant la revue manuelle.";"https://www.wowhead.com/fr/zone=14661"
"14662";"11Test5";"Supprimée";"Azeroth";"Royaumes de l'Est";"";"";"";"";"The War Within";"Zone";"excluded";"user_manual_review";"";"Entrée technique contenant le mot Test, retirée avant la revue manuelle.";"https://www.wowhead.com/fr/zone=14662"
"14723";"11Test6";"Supprimée";"Azeroth";"Royaumes de l'Est";"";"";"";"";"The War Within";"Zone";"excluded";"user_manual_review";"";"Entrée technique contenant le mot Test, retirée avant la revue manuelle.";"https://www.wowhead.com/fr/zone=14723"
"14855";"11Test7";"Supprimée";"Azeroth";"Royaumes de l'Est";"";"";"";"";"The War Within";"Zone";"excluded";"user_manual_review";"";"Entrée technique contenant le mot Test, retirée avant la revue manuelle.";"https://www.wowhead.com/fr/zone=14855"
"15459";"12.0 WB Playground";"Supprimée";"Azeroth";"Royaumes de l'Est";"";"";"";"";"Midnight";"Zone";"excluded";"user_manual_review";"";"Décision Supprimée lors de la revue manuelle.";"https://www.wowhead.com/fr/zone=15459"
"16541";"12DUR_Oasis_TEST_MCarwen";"Supprimée";"Azeroth";"Royaumes de l'Est";"";"";"";"";"The War Within";"Zone";"excluded";"user_manual_review";"";"Entrée technique contenant le mot Test, retirée avant la revue manuelle.";"https://www.wowhead.com/fr/zone=16541"
"16396";"12test";"Supprimée";"Azeroth";"Royaumes de l'Est";"";"";"";"";"Midnight";"Zone";"excluded";"user_manual_review";"";"Entrée technique contenant le mot Test, retirée avant la revue manuelle.";"https://www.wowhead.com/fr/zone=16396"
"16042";"13doodadtest";"Supprimée";"Azeroth";"Royaumes de l'Est";"";"";"";"";"Midnight";"Zone";"excluded";"user_manual_review";"";"Entrée technique contenant le mot Test, retirée avant la revue manuelle.";"https://www.wowhead.com/fr/zone=16042"
"15027";"2510 galerie Primaire";"Supprimée";"Azeroth";"Royaumes de l'Est";"";"";"";"";"The War Within";"Zone";"excluded";"user_manual_review";"";"Décision Supprimée lors de la revue manuelle.";"https://www.wowhead.com/fr/zone=15027"
"15516";"2711- Silvermoon";"Supprimée";"Azeroth";"Royaumes de l'Est";"";"";"";"";"Midnight";"Zone";"excluded";"user_manual_review";"";"Décision Supprimée lors de la revue manuelle.";"https://www.wowhead.com/fr/zone=15516"
"8480";"8DesertCanyonTest";"Supprimée";"Azeroth";"Royaumes de l'Est";"";"";"";"";"Battle for Azeroth";"Zone";"excluded";"user_manual_review";"";"Entrée technique contenant le mot Test, retirée avant la revue manuelle.";"https://www.wowhead.com/fr/zone=8480"
"8684";"AI Test Map - Arathi Basin (Debug Version)";"Supprimée";"Azeroth";"Royaumes de l'Est";"";"";"";"";"Battle for Azeroth";"Zone";"excluded";"user_manual_review";"";"Entrée technique contenant le mot Test, retirée avant la revue manuelle.";"https://www.wowhead.com/fr/zone=8684"
"8582";"AI Test Map 8 - Arathi Basin";"Supprimée";"Azeroth";"Royaumes de l'Est";"";"";"";"";"Battle for Azeroth";"Zone";"excluded";"user_manual_review";"";"Entrée technique contenant le mot Test, retirée avant la revue manuelle.";"https://www.wowhead.com/fr/zone=8582"
"9703";"Allied - Dark Iron Dwarf Unlock";"Supprimée";"Azeroth";"Royaumes de l'Est";"";"";"";"";"Battle for Azeroth";"Zone";"excluded";"user_manual_review";"";"Décision Supprimée lors de la revue manuelle.";"https://www.wowhead.com/fr/zone=9703"
"14707";"Amy Test Forest";"Supprimée";"Azeroth";"Royaumes de l'Est";"";"";"";"";"Dragonflight";"Zone";"excluded";"user_manual_review";"";"Entrée technique contenant le mot Test, retirée avant la revue manuelle.";"https://www.wowhead.com/fr/zone=14707"
"14708";"Amy Test Town";"Supprimée";"Azeroth";"Royaumes de l'Est";"";"";"";"";"Dragonflight";"Zone";"excluded";"user_manual_review";"";"Entrée technique contenant le mot Test, retirée avant la revue manuelle.";"https://www.wowhead.com/fr/zone=14708"
"14512";"Arbrenouveau";"Supprimée";"Azeroth";"Royaumes de l'Est";"";"";"";"";"The War Within";"Zone";"excluded";"user_manual_review";"";"Décision Supprimée lors de la revue manuelle.";"https://www.wowhead.com/fr/zone=14512"
"13970";"Arène des Énigmes";"Supprimée";"Azeroth";"Royaumes de l'Est";"";"";"";"";"Shadowlands";"Zone";"excluded";"user_manual_review";"";"Décision Supprimée lors de la revue manuelle.";"https://www.wowhead.com/fr/zone=13970"
"16838";"Atal'Utek (copy)";"Supprimée";"Azeroth";"Royaumes de l'Est";"";"";"";"";"Midnight";"Zone";"excluded";"user_manual_review";"";"Entrée technique correspondant à un marqueur de développement retiré avant la revue manuelle.";"https://www.wowhead.com/fr/zone=16838"
"8591";"Auberge de Shwayder";"Supprimée";"Azeroth";"Royaumes de l'Est";"";"";"";"";"Legion";"Zone";"excluded";"user_manual_review";"";"Décision Supprimée lors de la revue manuelle.";"https://www.wowhead.com/fr/zone=8591"
"13506";"awood_dev1";"Supprimée";"Azeroth";"Royaumes de l'Est";"";"";"";"";"Shadowlands";"Zone";"excluded";"user_manual_review";"";"Entrée technique correspondant à un marqueur de développement retiré avant la revue manuelle.";"https://www.wowhead.com/fr/zone=13506"
"15529";"Azshara_DemoArea";"Supprimée";"Azeroth";"Royaumes de l'Est";"";"";"";"";"The War Within";"Zone";"excluded";"user_manual_review";"";"Entrée technique correspondant à un marqueur de développement retiré avant la revue manuelle.";"https://www.wowhead.com/fr/zone=15529"
"7901";"Balcon de la citadelle Pourpre";"Supprimée";"Azeroth";"Royaumes de l'Est";"";"";"";"";"Legion";"Zone";"excluded";"user_manual_review";"";"Décision Supprimée lors de la revue manuelle.";"https://www.wowhead.com/fr/zone=7901"
"8597";"Bataille pour le mont Rochenoire";"Supprimée";"Azeroth";"Royaumes de l'Est";"";"";"";"";"Legion";"Zone";"excluded";"user_manual_review";"";"Décision Supprimée lors de la revue manuelle.";"https://www.wowhead.com/fr/zone=8597"
"9383";"BlizzCon 2017";"Supprimée";"Azeroth";"Royaumes de l'Est";"";"";"";"";"Battle for Azeroth";"Zone";"excluded";"user_manual_review";"";"Entrée technique correspondant à un marqueur de développement retiré avant la revue manuelle.";"https://www.wowhead.com/fr/zone=9383"
"15173";"Bois des Chants éternels";"Supprimée";"Azeroth";"Royaumes de l'Est";"";"";"";"";"Midnight";"Zone";"excluded";"user_manual_review";"";"Doublon Midnight: conserver la version Quel'Thalas (15968).";"https://www.wowhead.com/fr/zone=15173"
"7967";"Boost Experience [TEMP NAME]";"Supprimée";"Azeroth";"Royaumes de l'Est";"";"";"";"";"Legion";"Zone";"excluded";"user_manual_review";"";"Entrée technique correspondant à un marqueur de développement retiré avant la revue manuelle.";"https://www.wowhead.com/fr/zone=7967"
"15915";"Camp de bataillon";"Supprimée";"Azeroth";"Royaumes de l'Est";"";"";"";"";"Midnight";"Zone";"excluded";"user_manual_review";"";"Décision Supprimée lors de la revue manuelle.";"https://www.wowhead.com/fr/zone=15915"
"13581";"Canopée luxuriante";"Supprimée";"Azeroth";"Royaumes de l'Est";"";"";"";"";"Shadowlands";"Zone";"excluded";"user_manual_review";"";"Décision Supprimée lors de la revue manuelle.";"https://www.wowhead.com/fr/zone=13581"
"13469";"Carte 2437 [ZONE DE DEV]";"Supprimée";"Azeroth";"Royaumes de l'Est";"";"";"";"";"Shadowlands";"Zone";"excluded";"user_manual_review";"";"Entrée technique correspondant à un marqueur de développement retiré avant la revue manuelle.";"https://www.wowhead.com/fr/zone=13469"
"14966";"Carte de dev – Confins de l’Exil";"Supprimée";"Azeroth";"Royaumes de l'Est";"";"";"";"";"Dragonflight";"Zone";"excluded";"user_manual_review";"";"Entrée technique correspondant à un marqueur de développement retiré avant la revue manuelle.";"https://www.wowhead.com/fr/zone=14966"
"14963";"Carte de dev – Entraînement aux quêtes";"Supprimée";"Azeroth";"Royaumes de l'Est";"";"";"";"";"Dragonflight";"Zone";"excluded";"user_manual_review";"";"Entrée technique correspondant à un marqueur de développement retiré avant la revue manuelle.";"https://www.wowhead.com/fr/zone=14963"
"14968";"Carte de dev – Île de Mécagone";"Supprimée";"Azeroth";"Royaumes de l'Est";"";"";"";"";"Dragonflight";"Zone";"excluded";"user_manual_review";"";"Entrée technique correspondant à un marqueur de développement retiré avant la revue manuelle.";"https://www.wowhead.com/fr/zone=14968"
"14967";"Carte de dev – Zereth Mortis";"Supprimée";"Azeroth";"Royaumes de l'Est";"";"";"";"";"Dragonflight";"Zone";"excluded";"user_manual_review";"";"Entrée technique correspondant à un marqueur de développement retiré avant la revue manuelle.";"https://www.wowhead.com/fr/zone=14967"
"8656";"CharacterTestSpaceArea_ECannon";"Supprimée";"Azeroth";"Royaumes de l'Est";"";"";"";"";"Legion";"Zone";"excluded";"user_manual_review";"";"Entrée technique contenant le mot Test, retirée avant la revue manuelle.";"https://www.wowhead.com/fr/zone=8656"
"9043";"Choc de Silithus";"Supprimée";"Azeroth";"Royaumes de l'Est";"";"";"";"";"Legion";"Zone";"excluded";"user_manual_review";"";"Décision Supprimée lors de la revue manuelle.";"https://www.wowhead.com/fr/zone=9043"
"11419";"Cinematic Test Map";"Supprimée";"Azeroth";"Royaumes de l'Est";"";"";"";"";"Battle for Azeroth";"Zone";"excluded";"user_manual_review";"";"Entrée technique contenant le mot Test, retirée avant la revue manuelle.";"https://www.wowhead.com/fr/zone=11419"
"7976";"Clairières de Tirisfal";"Supprimée";"Azeroth";"Royaumes de l'Est";"";"";"";"";"Legion";"Acquisition d'Artefact";"excluded";"user_manual_review";"";"Décision Supprimée lors de la revue manuelle.";"https://www.wowhead.com/fr/zone=7976"
"13975";"Clairières de Tirisfal";"Supprimée";"Azeroth";"Royaumes de l'Est";"";"";"";"";"Shadowlands";"Zone";"excluded";"user_manual_review";"";"Décision Supprimée lors de la revue manuelle.";"https://www.wowhead.com/fr/zone=13975"
"14045";"Clairières de Tirisfal";"Supprimée";"Azeroth";"Royaumes de l'Est";"";"";"";"";"Shadowlands";"Zone";"excluded";"user_manual_review";"";"Décision Supprimée lors de la revue manuelle.";"https://www.wowhead.com/fr/zone=14045"
"13494";"Conception de niveaux [CARTE DE DEV]";"Supprimée";"Azeroth";"Royaumes de l'Est";"";"";"";"";"Shadowlands";"Zone";"excluded";"user_manual_review";"";"Entrée technique correspondant à un marqueur de développement retiré avant la revue manuelle.";"https://www.wowhead.com/fr/zone=13494"
"11356";"Continent";"Supprimée";"Azeroth";"Royaumes de l'Est";"";"";"";"";"Battle for Azeroth";"Zone";"excluded";"user_manual_review";"";"Décision Supprimée lors de la revue manuelle.";"https://www.wowhead.com/fr/zone=11356"
"13583";"Cratère de Lug’thun";"Supprimée";"Azeroth";"Royaumes de l'Est";"";"";"";"";"Shadowlands";"Zone";"excluded";"user_manual_review";"";"Décision Supprimée lors de la revue manuelle.";"https://www.wowhead.com/fr/zone=13583"
"14616";"Creux de Sombrelueur";"Supprimée";"Azeroth";"Royaumes de l'Est";"";"";"";"";"The War Within";"Zone";"excluded";"user_manual_review";"";"Décision Supprimée lors de la revue manuelle.";"https://www.wowhead.com/fr/zone=14616"
"8535";"Dalaran (Défilé de Deuillevent)";"Supprimée";"Azeroth";"Royaumes de l'Est";"";"";"";"";"Legion";"Zone";"excluded";"user_manual_review";"";"Décision Supprimée lors de la revue manuelle.";"https://www.wowhead.com/fr/zone=8535"
"9692";"Damarcus_World";"Supprimée";"Azeroth";"Royaumes de l'Est";"";"";"";"";"Battle for Azeroth";"Zone";"excluded";"user_manual_review";"";"Décision Supprimée lors de la revue manuelle.";"https://www.wowhead.com/fr/zone=9692"
"8058";"Dev Area - A";"Supprimée";"Azeroth";"Royaumes de l'Est";"";"";"";"";"Legion";"Zone";"excluded";"user_manual_review";"";"Entrée technique correspondant à un marqueur de développement retiré avant la revue manuelle.";"https://www.wowhead.com/fr/zone=8058"
"8059";"Dev Area - B";"Supprimée";"Azeroth";"Royaumes de l'Est";"";"";"";"";"Legion";"Zone";"excluded";"user_manual_review";"";"Entrée technique correspondant à un marqueur de développement retiré avant la revue manuelle.";"https://www.wowhead.com/fr/zone=8059"
"8060";"Dev Area - C";"Supprimée";"Azeroth";"Royaumes de l'Est";"";"";"";"";"Legion";"Zone";"excluded";"user_manual_review";"";"Entrée technique correspondant à un marqueur de développement retiré avant la revue manuelle.";"https://www.wowhead.com/fr/zone=8060"
"8061";"Dev Area - D";"Supprimée";"Azeroth";"Royaumes de l'Est";"";"";"";"";"Legion";"Zone";"excluded";"user_manual_review";"";"Entrée technique correspondant à un marqueur de développement retiré avant la revue manuelle.";"https://www.wowhead.com/fr/zone=8061"
"8063";"Dev Area - F";"Supprimée";"Azeroth";"Royaumes de l'Est";"";"";"";"";"Legion";"Zone";"excluded";"user_manual_review";"";"Entrée technique correspondant à un marqueur de développement retiré avant la revue manuelle.";"https://www.wowhead.com/fr/zone=8063"
"8955";"Dev Area - H (copy)";"Supprimée";"Azeroth";"Royaumes de l'Est";"";"";"";"";"Battle for Azeroth";"Zone";"excluded";"user_manual_review";"";"Entrée technique correspondant à un marqueur de développement retiré avant la revue manuelle.";"https://www.wowhead.com/fr/zone=8955"
"8957";"Dev Area - I";"Supprimée";"Azeroth";"Royaumes de l'Est";"";"";"";"";"Battle for Azeroth";"Zone";"excluded";"user_manual_review";"";"Entrée technique correspondant à un marqueur de développement retiré avant la revue manuelle.";"https://www.wowhead.com/fr/zone=8957"
"10271";"Dev Smoketest Area";"Supprimée";"Azeroth";"Royaumes de l'Est";"";"";"";"";"Battle for Azeroth";"Zone";"excluded";"user_manual_review";"";"Entrée technique contenant le mot Test, retirée avant la revue manuelle.";"https://www.wowhead.com/fr/zone=10271"
"7674";"Donjon de la Légion";"Supprimée";"Azeroth";"Royaumes de l'Est";"";"";"";"";"Legion";"Zone";"excluded";"user_manual_review";"";"Décision Supprimée lors de la revue manuelle.";"https://www.wowhead.com/fr/zone=7674"
"14853";"Donjon de test";"Supprimée";"Azeroth";"Royaumes de l'Est";"";"";"";"";"The War Within";"Zone";"excluded";"user_manual_review";"";"Entrée technique contenant le mot Test, retirée avant la revue manuelle.";"https://www.wowhead.com/fr/zone=14853"
"15512";"Dreg_DemoArea";"Supprimée";"Azeroth";"Royaumes de l'Est";"";"";"";"";"The War Within";"Zone";"excluded";"user_manual_review";"";"Entrée technique correspondant à un marqueur de développement retiré avant la revue manuelle.";"https://www.wowhead.com/fr/zone=15512"
"15534";"Dreg_DemoArea_Flood";"Supprimée";"Azeroth";"Royaumes de l'Est";"";"";"";"";"The War Within";"Zone";"excluded";"user_manual_review";"";"Entrée technique correspondant à un marqueur de développement retiré avant la revue manuelle.";"https://www.wowhead.com/fr/zone=15534"
"15511";"Durotar_DemoArea";"Supprimée";"Azeroth";"Royaumes de l'Est";"";"";"";"";"The War Within";"Zone";"excluded";"user_manual_review";"";"Entrée technique correspondant à un marqueur de développement retiré avant la revue manuelle.";"https://www.wowhead.com/fr/zone=15511"
"8801";"Dustwallow Marsh UNUSED";"Supprimée";"Azeroth";"Royaumes de l'Est";"";"";"";"";"Battle for Azeroth";"Zone";"excluded";"user_manual_review";"";"Entrée technique correspondant à un marqueur de développement retiré avant la revue manuelle.";"https://www.wowhead.com/fr/zone=8801"
"16107";"Elwynn 2 test";"Supprimée";"Azeroth";"Royaumes de l'Est";"";"";"";"";"The War Within";"Zone";"excluded";"user_manual_review";"";"Entrée technique contenant le mot Test, retirée avant la revue manuelle.";"https://www.wowhead.com/fr/zone=16107"
"9552";"Entraînement aux quêtes";"Supprimée";"Azeroth";"Royaumes de l'Est";"";"";"";"";"Battle for Azeroth";"Zone";"excluded";"user_manual_review";"";"Décision Supprimée lors de la revue manuelle.";"https://www.wowhead.com/fr/zone=9552"
"14038";"Env Art Land - Detail Doodad Test";"Supprimée";"Azeroth";"Royaumes de l'Est";"";"";"";"";"Dragonflight";"Zone";"excluded";"user_manual_review";"";"Entrée technique contenant le mot Test, retirée avant la revue manuelle.";"https://www.wowhead.com/fr/zone=14038"
"11476";"EnvArtDevMaldraxxus- Pestilence";"Supprimée";"Azeroth";"Royaumes de l'Est";"";"";"";"";"Shadowlands";"Zone";"excluded";"user_manual_review";"";"Décision Supprimée lors de la revue manuelle.";"https://www.wowhead.com/fr/zone=11476"
"11477";"EnvArtMaldraxxus- Champ de bataille";"Supprimée";"Azeroth";"Royaumes de l'Est";"";"";"";"";"Shadowlands";"Zone";"excluded";"user_manual_review";"";"Décision Supprimée lors de la revue manuelle.";"https://www.wowhead.com/fr/zone=11477"
"9489";"Éperon rocheux";"Supprimée";"Azeroth";"Royaumes de l'Est";"";"";"";"";"Battle for Azeroth";"Zone";"excluded";"user_manual_review";"";"Décision Supprimée lors de la revue manuelle.";"https://www.wowhead.com/fr/zone=9489"
"13580";"Étendues Fongiques";"Supprimée";"Azeroth";"Royaumes de l'Est";"";"";"";"";"Shadowlands";"Zone";"excluded";"user_manual_review";"";"Décision Supprimée lors de la revue manuelle.";"https://www.wowhead.com/fr/zone=13580"
"9541";"Ferme pandarène";"Supprimée";"Azeroth";"Royaumes de l'Est";"";"";"";"";"Battle for Azeroth";"Zone";"excluded";"user_manual_review";"";"Décision Supprimée lors de la revue manuelle.";"https://www.wowhead.com/fr/zone=9541"
"13946";"Ferme pandarène de Marie Lazar";"Supprimée";"Azeroth";"Royaumes de l'Est";"";"";"";"";"Dragonflight";"Zone";"excluded";"user_manual_review";"";"Décision Supprimée lors de la revue manuelle.";"https://www.wowhead.com/fr/zone=13946"
"13582";"Fil des ténèbres";"Supprimée";"Azeroth";"Royaumes de l'Est";"";"";"";"";"Shadowlands";"Zone";"excluded";"user_manual_review";"";"Décision Supprimée lors de la revue manuelle.";"https://www.wowhead.com/fr/zone=13582"
"7889";"Fléche de la citadelle Pourpre";"Supprimée";"Azeroth";"Royaumes de l'Est";"";"";"";"";"Legion";"Zone";"excluded";"user_manual_review";"";"Décision Supprimée lors de la revue manuelle.";"https://www.wowhead.com/fr/zone=7889"
"9535";"Francesco test - internal only";"Supprimée";"Azeroth";"Royaumes de l'Est";"";"";"";"";"Battle for Azeroth";"Zone";"excluded";"user_manual_review";"";"Entrée technique contenant le mot Test, retirée avant la revue manuelle.";"https://www.wowhead.com/fr/zone=9535"
"15011";"FX - Test Dungeon";"Supprimée";"Azeroth";"Royaumes de l'Est";"";"";"";"";"Dragonflight";"Zone";"excluded";"user_manual_review";"";"Entrée technique contenant le mot Test, retirée avant la revue manuelle.";"https://www.wowhead.com/fr/zone=15011"
"4755";"Gilnéas";"Supprimée";"Azeroth";"Royaumes de l'Est";"";"";"";"";"Cataclysm";"Zone";"excluded";"user_manual_review";"";"Décision Supprimée lors de la revue manuelle.";"https://www.wowhead.com/fr/zone=4755"
"16860";"Grande mer";"Supprimée";"Azeroth";"Royaumes de l'Est";"";"";"";"";"Midnight";"Zone";"excluded";"user_manual_review";"";"Décision Supprimée lors de la revue manuelle.";"https://www.wowhead.com/fr/zone=16860"
"9168";"Hautes-terres Arathies";"Supprimée";"Azeroth";"Royaumes de l'Est";"";"";"";"";"Battle for Azeroth";"Zone";"excluded";"user_manual_review";"";"Décision Supprimée lors de la revue manuelle.";"https://www.wowhead.com/fr/zone=9168"
"14357";"Hautes-terres Arathies";"Supprimée";"Azeroth";"Royaumes de l'Est";"";"";"";"";"Dragonflight";"Zone";"excluded";"user_manual_review";"";"Décision Supprimée lors de la revue manuelle.";"https://www.wowhead.com/fr/zone=14357"
"9388";"Hero Stage LD Demo Area";"Supprimée";"Azeroth";"Royaumes de l'Est";"";"";"";"";"Battle for Azeroth";"Zone";"excluded";"user_manual_review";"";"Entrée technique correspondant à un marqueur de développement retiré avant la revue manuelle.";"https://www.wowhead.com/fr/zone=9388"
"15515";"Housing_Plots";"Supprimée";"Azeroth";"Royaumes de l'Est";"";"";"";"";"The War Within";"Zone";"excluded";"user_manual_review";"";"Décision Supprimée lors de la revue manuelle.";"https://www.wowhead.com/fr/zone=15515"
"10061";"Idéation sous-marine";"Supprimée";"Azeroth";"Royaumes de l'Est";"";"";"";"";"Battle for Azeroth";"Zone";"excluded";"user_manual_review";"";"Décision Supprimée lors de la revue manuelle.";"https://www.wowhead.com/fr/zone=10061"
"9483";"Île de Katalina";"Supprimée";"Azeroth";"Royaumes de l'Est";"";"";"";"";"Battle for Azeroth";"Zone";"excluded";"user_manual_review";"";"Décision Supprimée lors de la revue manuelle.";"https://www.wowhead.com/fr/zone=9483"
"8579";"Île de la BlizzCon";"Supprimée";"Azeroth";"Royaumes de l'Est";"";"";"";"";"Legion";"Zone";"excluded";"user_manual_review";"";"Entrée technique correspondant à un marqueur de développement retiré avant la revue manuelle.";"https://www.wowhead.com/fr/zone=8579"
"9029";"Île des Hozen";"Supprimée";"Azeroth";"Royaumes de l'Est";"";"";"";"";"Battle for Azeroth";"Zone";"excluded";"user_manual_review";"";"Décision Supprimée lors de la revue manuelle.";"https://www.wowhead.com/fr/zone=9029"
"9443";"Île des Titans";"Supprimée";"Azeroth";"Royaumes de l'Est";"";"";"";"";"Battle for Azeroth";"Zone";"excluded";"user_manual_review";"";"Décision Supprimée lors de la revue manuelle.";"https://www.wowhead.com/fr/zone=9443"
"9488";"Île Marécageuse";"Supprimée";"Azeroth";"Royaumes de l'Est";"";"";"";"";"Battle for Azeroth";"Zone";"excluded";"user_manual_review";"";"Décision Supprimée lors de la revue manuelle.";"https://www.wowhead.com/fr/zone=9488"
"9467";"Îles de Mesa Blanche";"Supprimée";"Azeroth";"Royaumes de l'Est";"";"";"";"";"Battle for Azeroth";"Zone";"excluded";"user_manual_review";"";"Décision Supprimée lors de la revue manuelle.";"https://www.wowhead.com/fr/zone=9467"
"13585";"Interactive World - Night Test";"Supprimée";"Azeroth";"Royaumes de l'Est";"";"";"";"";"Dragonflight";"Zone";"excluded";"user_manual_review";"";"Entrée technique contenant le mot Test, retirée avant la revue manuelle.";"https://www.wowhead.com/fr/zone=13585"
"9462";"IsleCVTest";"Supprimée";"Azeroth";"Royaumes de l'Est";"";"";"";"";"Battle for Azeroth";"Zone";"excluded";"user_manual_review";"";"Entrée technique contenant le mot Test, retirée avant la revue manuelle.";"https://www.wowhead.com/fr/zone=9462"
"9468";"IsleCVTest2";"Supprimée";"Azeroth";"Royaumes de l'Est";"";"";"";"";"Battle for Azeroth";"Zone";"excluded";"user_manual_review";"";"Entrée technique contenant le mot Test, retirée avant la revue manuelle.";"https://www.wowhead.com/fr/zone=9468"
"14987";"James's Dynamic Mount Testground";"Supprimée";"Azeroth";"Royaumes de l'Est";"";"";"";"";"Dragonflight";"Zone";"excluded";"user_manual_review";"";"Entrée technique contenant le mot Test, retirée avant la revue manuelle.";"https://www.wowhead.com/fr/zone=14987"
"14023";"JrzTest";"Supprimée";"Azeroth";"Royaumes de l'Est";"";"";"";"";"Dragonflight";"Zone";"excluded";"user_manual_review";"";"Entrée technique contenant le mot Test, retirée avant la revue manuelle.";"https://www.wowhead.com/fr/zone=14023"
"9163";"Julien Test Land";"Supprimée";"Azeroth";"Royaumes de l'Est";"";"";"";"";"Battle for Azeroth";"Zone";"excluded";"user_manual_review";"";"Entrée technique contenant le mot Test, retirée avant la revue manuelle.";"https://www.wowhead.com/fr/zone=9163"
"14748";"Khaz Algar";"Supprimée";"Azeroth";"Royaumes de l'Est";"";"";"";"";"The War Within";"Zone";"excluded";"user_manual_review";"";"Décision Supprimée lors de la revue manuelle.";"https://www.wowhead.com/fr/zone=14748"
"15343";"KVigue Test";"Supprimée";"Azeroth";"Royaumes de l'Est";"";"";"";"";"The War Within";"Zone";"excluded";"user_manual_review";"";"Entrée technique contenant le mot Test, retirée avant la revue manuelle.";"https://www.wowhead.com/fr/zone=15343"
"7884";"L’enclave Argentée";"Supprimée";"Azeroth";"Royaumes de l'Est";"";"";"";"";"Legion";"Zone";"excluded";"user_manual_review";"";"Décision Supprimée lors de la revue manuelle.";"https://www.wowhead.com/fr/zone=7884"
"16217";"La Grande mer";"Supprimée";"Azeroth";"Royaumes de l'Est";"";"";"";"";"Midnight";"Zone";"excluded";"user_manual_review";"";"Décision Supprimée lors de la revue manuelle.";"https://www.wowhead.com/fr/zone=16217"
"13955";"LDNewHire";"Supprimée";"Azeroth";"Royaumes de l'Est";"";"";"";"";"Dragonflight";"Zone";"excluded";"user_manual_review";"";"Décision Supprimée lors de la revue manuelle.";"https://www.wowhead.com/fr/zone=13955"
"7887";"Le cercle des Volontés";"Supprimée";"Azeroth";"Royaumes de l'Est";"";"";"";"";"Legion";"Zone";"excluded";"user_manual_review";"";"Décision Supprimée lors de la revue manuelle.";"https://www.wowhead.com/fr/zone=7887"
"8488";"Les tréfonds Putrides";"Supprimée";"Azeroth";"Royaumes de l'Est";"";"";"";"";"Battle for Azeroth";"Zone";"excluded";"user_manual_review";"";"Décision Supprimée lors de la revue manuelle.";"https://www.wowhead.com/fr/zone=8488"
"9486";"lost world [ph]";"Supprimée";"Azeroth";"Royaumes de l'Est";"";"";"";"";"Battle for Azeroth";"Zone";"excluded";"user_manual_review";"";"Décision Supprimée lors de la revue manuelle.";"https://www.wowhead.com/fr/zone=9486"
"11463";"MalDoodadtest";"Supprimée";"Azeroth";"Royaumes de l'Est";"";"";"";"";"Shadowlands";"Zone";"excluded";"user_manual_review";"";"Entrée technique contenant le mot Test, retirée avant la revue manuelle.";"https://www.wowhead.com/fr/zone=11463"
"13178";"Maldraxxus";"Supprimée";"Azeroth";"Royaumes de l'Est";"";"";"";"";"Shadowlands";"Zone";"excluded";"user_manual_review";"";"Décision Supprimée lors de la revue manuelle.";"https://www.wowhead.com/fr/zone=13178"
"11464";"MalPestDoodadTest";"Supprimée";"Azeroth";"Royaumes de l'Est";"";"";"";"";"Shadowlands";"Zone";"excluded";"user_manual_review";"";"Entrée technique contenant le mot Test, retirée avant la revue manuelle.";"https://www.wowhead.com/fr/zone=11464"
"13870";"mesten_dev1";"Supprimée";"Azeroth";"Royaumes de l'Est";"";"";"";"";"Dragonflight";"Zone";"excluded";"user_manual_review";"";"Entrée technique correspondant à un marqueur de développement retiré avant la revue manuelle.";"https://www.wowhead.com/fr/zone=13870"
"9651";"Model Test World";"Supprimée";"Azeroth";"Royaumes de l'Est";"";"";"";"";"Battle for Azeroth";"Zone";"excluded";"user_manual_review";"";"Entrée technique contenant le mot Test, retirée avant la revue manuelle.";"https://www.wowhead.com/fr/zone=9651"
"8573";"MSandersTest2016";"Supprimée";"Azeroth";"Royaumes de l'Est";"";"";"";"";"Battle for Azeroth";"Zone";"excluded";"user_manual_review";"";"Entrée technique contenant le mot Test, retirée avant la revue manuelle.";"https://www.wowhead.com/fr/zone=8573"
"10213";"N’Zoth";"Supprimée";"Azeroth";"Royaumes de l'Est";"";"";"";"";"Battle for Azeroth";"Zone";"excluded";"user_manual_review";"";"Décision Supprimée lors de la revue manuelle.";"https://www.wowhead.com/fr/zone=10213"
"8699";"Nazmir [DEVLAND COPY]";"Supprimée";"Azeroth";"Royaumes de l'Est";"";"";"";"";"Battle for Azeroth";"Zone";"excluded";"user_manual_review";"";"Entrée technique correspondant à un marqueur de développement retiré avant la revue manuelle.";"https://www.wowhead.com/fr/zone=8699"
"9010";"Ombre d’Azeroth";"Supprimée";"Azeroth";"Royaumes de l'Est";"";"";"";"";"Legion";"Zone";"excluded";"user_manual_review";"";"Décision Supprimée lors de la revue manuelle.";"https://www.wowhead.com/fr/zone=9010"
"9485";"Pays Merveilleux";"Supprimée";"Azeroth";"Royaumes de l'Est";"";"";"";"";"Battle for Azeroth";"Zone";"excluded";"user_manual_review";"";"Décision Supprimée lors de la revue manuelle.";"https://www.wowhead.com/fr/zone=9485"
"7896";"Place Tisserune";"Supprimée";"Azeroth";"Royaumes de l'Est";"";"";"";"";"Legion";"Zone";"excluded";"user_manual_review";"";"Décision Supprimée lors de la revue manuelle.";"https://www.wowhead.com/fr/zone=7896"
"8979";"Principal prototype de front de guerre";"Supprimée";"Azeroth";"Royaumes de l'Est";"";"";"";"";"Battle for Azeroth";"Zone";"excluded";"user_manual_review";"";"Entrée technique correspondant à un marqueur de développement retiré avant la revue manuelle.";"https://www.wowhead.com/fr/zone=8979"
"10348";"Prototype";"Supprimée";"Azeroth";"Royaumes de l'Est";"";"";"";"";"Battle for Azeroth";"Zone";"excluded";"user_manual_review";"";"Entrée technique correspondant à un marqueur de développement retiré avant la revue manuelle.";"https://www.wowhead.com/fr/zone=10348"
"16103";"Prototype de Gouffre";"Supprimée";"Azeroth";"Royaumes de l'Est";"";"";"";"";"Midnight";"Zone";"excluded";"user_manual_review";"";"Entrée technique correspondant à un marqueur de développement retiré avant la revue manuelle.";"https://www.wowhead.com/fr/zone=16103"
"9481";"Prototype Maudit";"Supprimée";"Azeroth";"Royaumes de l'Est";"";"";"";"";"Battle for Azeroth";"Zone";"excluded";"user_manual_review";"";"Entrée technique correspondant à un marqueur de développement retiré avant la revue manuelle.";"https://www.wowhead.com/fr/zone=9481"
"13574";"PTH Test Area";"Supprimée";"Azeroth";"Royaumes de l'Est";"";"";"";"";"Shadowlands";"Zone";"excluded";"user_manual_review";"";"Entrée technique contenant le mot Test, retirée avant la revue manuelle.";"https://www.wowhead.com/fr/zone=13574"
"16502";"PvP POI Dev Land";"Supprimée";"Azeroth";"Royaumes de l'Est";"";"";"";"";"Midnight";"Zone";"excluded";"user_manual_review";"";"Entrée technique correspondant à un marqueur de développement retiré avant la revue manuelle.";"https://www.wowhead.com/fr/zone=16502"
"15542";"Quartier prototype Logis des PNJ";"Supprimée";"Azeroth";"Royaumes de l'Est";"";"";"";"";"The War Within";"Zone";"excluded";"user_manual_review";"";"Entrée technique correspondant à un marqueur de développement retiré avant la revue manuelle.";"https://www.wowhead.com/fr/zone=15542"
"9808";"Royaumes de l’Est";"Supprimée";"Azeroth";"Royaumes de l'Est";"";"";"";"";"Battle for Azeroth";"Zone";"excluded";"user_manual_review";"";"Décision Supprimée lors de la revue manuelle.";"https://www.wowhead.com/fr/zone=9808"
"5351";"Ruines de Gilnéas (ville)";"Supprimée";"Azeroth";"Royaumes de l'Est";"";"";"";"";"Cataclysm";"Zone";"excluded";"user_manual_review";"";"Décision Supprimée lors de la revue manuelle.";"https://www.wowhead.com/fr/zone=5351"
"15109";"Salle du Son – Test fumée audio";"Supprimée";"Azeroth";"Royaumes de l'Est";"";"";"";"";"Dragonflight";"Zone";"excluded";"user_manual_review";"";"Entrée technique contenant le mot Test, retirée avant la revue manuelle.";"https://www.wowhead.com/fr/zone=15109"
"7893";"Sanctuaire de Saccage-Soleil";"Supprimée";"Azeroth";"Royaumes de l'Est";"";"";"";"";"Legion";"Zone";"excluded";"user_manual_review";"";"Décision Supprimée lors de la revue manuelle.";"https://www.wowhead.com/fr/zone=7893"
"13507";"sbenyona_dev1";"Supprimée";"Azeroth";"Royaumes de l'Est";"";"";"";"";"Shadowlands";"Zone";"excluded";"user_manual_review";"";"Entrée technique correspondant à un marqueur de développement retiré avant la revue manuelle.";"https://www.wowhead.com/fr/zone=13507"
"14709";"Shane Test Area";"Supprimée";"Azeroth";"Royaumes de l'Est";"";"";"";"";"Dragonflight";"Zone";"excluded";"user_manual_review";"";"Entrée technique contenant le mot Test, retirée avant la revue manuelle.";"https://www.wowhead.com/fr/zone=14709"
"16945";"Site rituel";"Supprimée";"Azeroth";"Royaumes de l'Est";"";"";"";"";"Midnight";"Zone";"excluded";"user_manual_review";"";"Décision Supprimée lors de la revue manuelle.";"https://www.wowhead.com/fr/zone=16945"
"7691";"Small Battleground D";"Supprimée";"Azeroth";"Royaumes de l'Est";"";"";"";"";"Legion";"Zone";"excluded";"user_manual_review";"";"Décision Supprimée lors de la revue manuelle.";"https://www.wowhead.com/fr/zone=7691"
"14014";"Terrain de jeu intégré";"Supprimée";"Azeroth";"Royaumes de l'Est";"";"";"";"";"Dragonflight";"Zone";"excluded";"user_manual_review";"";"Entrée technique correspondant à un marqueur de développement retiré avant la revue manuelle.";"https://www.wowhead.com/fr/zone=14014"
"8601";"Terrain de jeux pour animations";"Supprimée";"Azeroth";"Royaumes de l'Est";"";"";"";"";"Battle for Azeroth";"Zone";"excluded";"user_manual_review";"";"Entrée technique correspondant à un marqueur de développement retiré avant la revue manuelle.";"https://www.wowhead.com/fr/zone=8601"
"8713";"Terrain de jeux pour animations";"Supprimée";"Azeroth";"Royaumes de l'Est";"";"";"";"";"Legion";"Zone";"excluded";"user_manual_review";"";"Entrée technique correspondant à un marqueur de développement retiré avant la revue manuelle.";"https://www.wowhead.com/fr/zone=8713"
"14686";"Terre des Métiers";"Supprimée";"Azeroth";"Royaumes de l'Est";"";"";"";"";"Dragonflight";"Zone";"excluded";"user_manual_review";"";"Décision Supprimée lors de la revue manuelle.";"https://www.wowhead.com/fr/zone=14686"
"13343";"Terres de Doug";"Supprimée";"Azeroth";"Royaumes de l'Est";"";"";"";"";"Shadowlands";"Zone";"excluded";"user_manual_review";"";"Décision Supprimée lors de la revue manuelle.";"https://www.wowhead.com/fr/zone=13343"
"13936";"Terres de Marie Lazar";"Supprimée";"Azeroth";"Royaumes de l'Est";"";"";"";"";"Dragonflight";"Zone";"excluded";"user_manual_review";"";"Décision Supprimée lors de la revue manuelle.";"https://www.wowhead.com/fr/zone=13936"
"8639";"Test Dungeon";"Supprimée";"Azeroth";"Royaumes de l'Est";"";"";"";"";"Legion";"Zone";"excluded";"user_manual_review";"";"Entrée technique contenant le mot Test, retirée avant la revue manuelle.";"https://www.wowhead.com/fr/zone=8639"
"10063";"Test Dungeon - Gray Area";"Supprimée";"Azeroth";"Royaumes de l'Est";"";"";"";"";"Battle for Azeroth";"Zone";"excluded";"user_manual_review";"";"Entrée technique contenant le mot Test, retirée avant la revue manuelle.";"https://www.wowhead.com/fr/zone=10063"
"10062";"Test Dungeon - White Area";"Supprimée";"Azeroth";"Royaumes de l'Est";"";"";"";"";"Battle for Azeroth";"Zone";"excluded";"user_manual_review";"";"Entrée technique contenant le mot Test, retirée avant la revue manuelle.";"https://www.wowhead.com/fr/zone=10062"
"10267";"Tombequête";"Supprimée";"Azeroth";"Royaumes de l'Est";"";"";"";"";"Battle for Azeroth";"Zone";"excluded";"user_manual_review";"";"Décision Supprimée lors de la revue manuelle.";"https://www.wowhead.com/fr/zone=10267"
"8473";"Traverse du Donjon";"Supprimée";"Azeroth";"Royaumes de l'Est";"";"";"";"";"Legion";"Zone";"excluded";"user_manual_review";"";"Décision Supprimée lors de la revue manuelle.";"https://www.wowhead.com/fr/zone=8473"
"9101";"Tropical Isle 8.0";"Supprimée";"Azeroth";"Royaumes de l'Est";"";"";"";"";"Battle for Azeroth";"Zone";"excluded";"user_manual_review";"";"Décision Supprimée lors de la revue manuelle.";"https://www.wowhead.com/fr/zone=9101"
"7890";"Tunnel de sortie des égouts";"Supprimée";"Azeroth";"Royaumes de l'Est";"";"";"";"";"Legion";"Zone";"excluded";"user_manual_review";"";"Décision Supprimée lors de la revue manuelle.";"https://www.wowhead.com/fr/zone=7890"
"7891";"Tunnel de sortie des égouts";"Supprimée";"Azeroth";"Royaumes de l'Est";"";"";"";"";"Legion";"Zone";"excluded";"user_manual_review";"";"Décision Supprimée lors de la revue manuelle.";"https://www.wowhead.com/fr/zone=7891"
"8476";"Viperville";"Supprimée";"Azeroth";"Royaumes de l'Est";"";"";"";"";"Battle for Azeroth";"Zone";"excluded";"user_manual_review";"";"Décision Supprimée lors de la revue manuelle.";"https://www.wowhead.com/fr/zone=8476"
"14657";"WB Nouvelles Recrues";"Supprimée";"Azeroth";"Royaumes de l'Est";"";"";"";"";"Dragonflight";"Zone";"excluded";"user_manual_review";"";"Décision Supprimée lors de la revue manuelle.";"https://www.wowhead.com/fr/zone=14657"
"14747";"Zone 4 Dev Land";"Supprimée";"Azeroth";"Royaumes de l'Est";"";"";"";"";"The War Within";"Zone";"excluded";"user_manual_review";"";"Entrée technique correspondant à un marqueur de développement retiré avant la revue manuelle.";"https://www.wowhead.com/fr/zone=14747"
"13532";"Zone2lDoodadtest";"Supprimée";"Azeroth";"Royaumes de l'Est";"";"";"";"";"Dragonflight";"Zone";"excluded";"user_manual_review";"";"Entrée technique contenant le mot Test, retirée avant la revue manuelle.";"https://www.wowhead.com/fr/zone=13532"
"13576";"Zone2lDoodadtest2";"Supprimée";"Azeroth";"Royaumes de l'Est";"";"";"";"";"Dragonflight";"Zone";"excluded";"user_manual_review";"";"Entrée technique contenant le mot Test, retirée avant la revue manuelle.";"https://www.wowhead.com/fr/zone=13576"
"13635";"Zone4TyrholdTest";"Supprimée";"Azeroth";"Royaumes de l'Est";"";"";"";"";"Dragonflight";"Zone";"excluded";"user_manual_review";"";"Entrée technique contenant le mot Test, retirée avant la revue manuelle.";"https://www.wowhead.com/fr/zone=13635"
"13790";"zsewell";"Supprimée";"Azeroth";"Royaumes de l'Est";"";"";"";"";"Dragonflight";"Zone";"excluded";"user_manual_review";"";"Décision Supprimée lors de la revue manuelle.";"https://www.wowhead.com/fr/zone=13790"
"14668";"ZZ_AlexandraDD";"Supprimée";"Azeroth";"Royaumes de l'Est";"";"";"";"";"Dragonflight";"Zone";"excluded";"user_manual_review";"";"Entrée technique correspondant à un marqueur de développement retiré avant la revue manuelle.";"https://www.wowhead.com/fr/zone=14668"
"10292";"zzOLDBastion";"Supprimée";"Azeroth";"Royaumes de l'Est";"";"";"";"";"Shadowlands";"Zone";"excluded";"user_manual_review";"";"Entrée technique correspondant à un marqueur de développement retiré avant la revue manuelle.";"https://www.wowhead.com/fr/zone=10292"
