"blizzardId";"monture";"extensionMonture";"patch";"source";"difficulty";"motsClesMamytwink";"nombreCandidates";"zonesCandidates";"regionsCandidates";"zoneIdsCandidates";"extensionsCandidates";"statutRevue";"mamytwinkUrl";"wowheadUrl";"decisionManuelle";"zoneIdRetenue";"notes"
"632";"Bourbefleuve poil-moussu";"wod";"6.0";"Vendeur";"Facile";"monture cristaux apogides | A'shran | Marchands traque-aube arakkoa | Patch 6.0.2";"1";"A’shran";"Draenor";"6941";"warlords-of-draenor";"Candidate unique - ? confirmer";"https://www.mamytwink.com/montures/bourbefleuve-poil-moussu";"https://www.wowhead.com/fr/item=116768";"";"";""
"1818";"Anu’relos, Guide de la Flamme";"dragonflight";"10.2";"Butin";"Difficile";"Fyrakka | Amirdrassil | l'Espoir du rêve | Mythique | Vol à dos de dragons";"1";"Amirdrassil";"Îles aux Dragons";"15105";"dragonflight";"Candidate unique - ? confirmer";"https://www.mamytwink.com/montures/renes-danurelos-guide-de-la-flamme";"https://www.wowhead.com/fr/item=210061";"";"";""
"1467";"Bruffalon distingué";"dragonflight";"10.0.7";"Vendeur";"Facile";"Confins interdits | Conteuse Ashekh | Débordements élémentaires";"1";"Confins Interdits";"Îles aux Dragons";"14433";"dragonflight";"Candidate unique - ? confirmer";"https://www.mamytwink.com/montures/bruffalon-distingue";"https://www.wowhead.com/fr/item=204382";"";"";""
"1619";"Dracamandre antique";"dragonflight";"10.0.7";"Butin";"Facile";"Confins interdits";"1";"Confins Interdits";"Îles aux Dragons";"14433";"dragonflight";"Candidate unique - ? confirmer";"https://www.mamytwink.com/montures/dracamandre-antique";"https://www.wowhead.com/fr/item=192772";"";"";""
"1627";"Gastéromentaire baveux";"dragonflight";"10.0.7";"Butin";"Facile";"Confins interdits | Reste de gelée élémentaire | Tempêtes primalistes";"1";"Confins Interdits";"Îles aux Dragons";"14433";"dragonflight";"Candidate unique - ? confirmer";"https://www.mamytwink.com/montures/gasteromentaire-baveux";"https://www.wowhead.com/fr/item=192785";"";"";""
"1686";"Vorquin d’obsidienne";"dragonflight";"10.0";"Vendeur";"Facile";"Confins Interdits | Dracthyrs | monture raciale";"1";"Confins Interdits";"Îles aux Dragons";"14433";"dragonflight";"Candidate unique - ? confirmer";"https://www.mamytwink.com/montures/vorquin-dobsidienne";"https://www.wowhead.com/fr/item=201719";"";"";""
"1685";"Vorquin de bronze";"dragonflight";"10.0";"Vendeur";"Facile";"Confins Interdits | Dracthyrs | monture raciale";"1";"Confins Interdits";"Îles aux Dragons";"14433";"dragonflight";"Candidate unique - ? confirmer";"https://www.mamytwink.com/montures/vorquin-de-bronze";"https://www.wowhead.com/fr/item=201720";"";"";""
"1684";"Vorquin de saphir";"dragonflight";"10.0";"Vendeur";"Facile";"Confins Interdits | Dracthyrs | monture raciale";"1";"Confins Interdits";"Îles aux Dragons";"14433";"dragonflight";"Candidate unique - ? confirmer";"https://www.mamytwink.com/montures/vorquin-de-saphir";"https://www.wowhead.com/fr/item=201704";"";"";""
"1683";"Vorquin écarlate";"dragonflight";"10.0";"Vendeur";"Facile";"Confins Interdits | Dracthyrs | monture raciale";"1";"Confins Interdits";"Îles aux Dragons";"14433";"dragonflight";"Candidate unique - ? confirmer";"https://www.mamytwink.com/montures/vorquin-ecarlate";"https://www.wowhead.com/fr/item=201702";"";"";""
"1664";"Vorquin gardien";"dragonflight";"10.0";"Vendeur";"Facile";"Confins Interdits | Dracthyrs | monture raciale";"1";"Confins Interdits";"Îles aux Dragons";"14433";"dragonflight";"Candidate unique - ? confirmer";"https://www.mamytwink.com/montures/vorquin-gardien";"https://www.wowhead.com/fr/item=198808";"";"";""
"1668";"Vorquin majestueux cuirassé";"dragonflight";"10.0";"Vendeur";"Facile";"Confins Interdits | Dracthyrs | monture raciale";"1";"Confins Interdits";"Îles aux Dragons";"14433";"dragonflight";"Candidate unique - ? confirmer";"https://www.mamytwink.com/montures/vorquin-majestueux-cuirasse";"https://www.wowhead.com/fr/item=198811";"";"";""
"1667";"Vorquin marche-ligne cuirassé";"dragonflight";"10.0";"Vendeur";"Facile";"Confins Interdits | Dracthyrs | monture raciale";"1";"Confins Interdits";"Îles aux Dragons";"14433";"dragonflight";"Candidate unique - ? confirmer";"https://www.mamytwink.com/montures/vorquin-marche-ligne-cuirasse";"https://www.wowhead.com/fr/item=198809";"";"";""
"1665";"Vorquin rapide cuirassé";"dragonflight";"10.0";"Vendeur";"Facile";"Confins Interdits | Dracthyrs | monture raciale";"1";"Confins Interdits";"Îles aux Dragons";"14433";"dragonflight";"Candidate unique - ? confirmer";"https://www.mamytwink.com/montures/vorquin-rapide-cuirasse";"https://www.wowhead.com/fr/item=198810";"";"";""
"1732";"Aile-de-schiste de cobalt";"dragonflight";"10.1";"Butin";"Moyen";"Grotte de Zaralek | Kairoktra";"1";"Grotte de Zaralek";"Îles aux Dragons";"14022";"dragonflight";"Candidate unique - ? confirmer";"https://www.mamytwink.com/montures/aile-de-schiste-de-cobalt";"https://www.wowhead.com/fr/item=205203";"";"";""
"1730";"Aile-de-schiste ignée";"dragonflight";"10.1";"Vendeur";"Facile";"Grotte de Zaralek | Saccratros | Babiole recherchée";"1";"Grotte de Zaralek";"Îles aux Dragons";"14022";"dragonflight";"Candidate unique - ? confirmer";"https://www.mamytwink.com/montures/aile-de-schiste-ignee";"https://www.wowhead.com/fr/item=205197";"";"";""
"1603";"Magmammouth souterrain";"dragonflight";"10.1";"Vendeur";"Facile";"Grotte de Zaralek | Saccratros | Babiole recherchée";"1";"Grotte de Zaralek";"Îles aux Dragons";"14022";"dragonflight";"Candidate unique - ? confirmer";"https://www.mamytwink.com/montures/magmammouth-souterrain";"https://www.wowhead.com/fr/item=191838";"";"";""
"1738";"Museau";"dragonflight";"10.1";"Vendeur";"Facile";"Grotte de Zaralek | Harlowe Marl";"1";"Grotte de Zaralek";"Îles aux Dragons";"14022";"dragonflight";"Candidate unique - ? confirmer";"https://www.mamytwink.com/montures/renes-de-museau";"https://www.wowhead.com/fr/mount/1738";"";"";""
"1736";"Porte-roche";"dragonflight";"10.1";"Vendeur";"Facile";"Grotte de Zaralek | Ponzo | rocher de marchandage";"1";"Grotte de Zaralek";"Îles aux Dragons";"14022";"dragonflight";"Candidate unique - ? confirmer";"https://www.mamytwink.com/montures/renes-de-porte-roche";"https://www.wowhead.com/fr/item=205209";"";"";""
"1623";"Roussesillon";"dragonflight";"10.1";"Butin";"Moyen";"Cache bouillonnante | Grotte de Zaralek";"1";"Grotte de Zaralek";"Îles aux Dragons";"14022";"dragonflight";"Candidate unique - ? confirmer";"https://www.mamytwink.com/montures/roussesillon";"https://www.wowhead.com/fr/item=192779";"";"";""
"1614";"Bruffalon touché par la tempête";"dragonflight";"10.2.6";"Haut-fait";"Facile";"Au-delà du firmament | Haut-fait | îles aux Dragons";"1";"Îles aux Dragons";"Îles aux Dragons";"13642";"dragonflight";"Candidate unique - ? confirmer";"https://www.mamytwink.com/montures/bruffalon-touche-par-la-tempete";"https://www.wowhead.com/fr/item=192751";"";"";""
"1474";"Chef de meute échine-de-tonnerre conféré";"dragonflight";"10.2.6";"Haut-fait";"Facile";"Centaure de l’attention | Haut-fait | Îles aux Dragons";"1";"Îles aux Dragons";"Îles aux Dragons";"13642";"dragonflight";"Candidate unique - ? confirmer";"https://www.mamytwink.com/montures/chef-de-meute-echine-de-tonnerre-confere";"https://www.wowhead.com/fr/item=192792";"";"";""
"1622";"Dracamandre cuir-tempête";"dragonflight";"10.0";"Vendeur";"Facile";"Invasions des primalistes | iles aux Dragons | Mythressa";"1";"Îles aux Dragons";"Îles aux Dragons";"13642";"dragonflight";"Candidate unique - ? confirmer";"https://www.mamytwink.com/montures/dracamandre-cuir-tempete";"https://www.wowhead.com/fr/item=192775";"";"";""
"1621";"Dracamandre écalorail";"dragonflight";"10.2.6";"Haut-fait";"Facile";"Dans la tempête | Haut-fait | Îles aux Dragons";"1";"Îles aux Dragons";"Îles aux Dragons";"13642";"dragonflight";"Candidate unique - ? confirmer";"https://www.mamytwink.com/montures/dracamandre-ecalorail";"https://www.wowhead.com/fr/item=192774";"";"";""
"1669";"Guetteur ohuna conféré";"dragonflight";"10.2.6";"Haut-fait";"Facile";"Réveillez-moi | Haut-fait | Îles aux Dragons";"1";"Îles aux Dragons";"Îles aux Dragons";"13642";"dragonflight";"Candidate unique - ? confirmer";"https://www.mamytwink.com/montures/guetteur-ohuna-confere";"https://www.wowhead.com/fr/item=198822";"";"";""
"1651";"Loutrèke d’avant-garde conférée";"dragonflight";"10.2.6";"Haut-fait";"Facile";"Club de combat | Haut-fait | îles aux Dragons";"1";"Îles aux Dragons";"Îles aux Dragons";"13642";"dragonflight";"Candidate unique - ? confirmer";"https://www.mamytwink.com/montures/loutreke-davant-garde-conferee";"https://www.wowhead.com/fr/item=211862";"";"";""
"2091";"Lycodrac en voyage";"dragonflight";"10.2.6";"Haut-fait";"Moyen";"Éveil des raids de Dragonflight | îles aux Dragons";"1";"Îles aux Dragons";"Îles aux Dragons";"13642";"dragonflight";"Candidate unique - ? confirmer";"https://www.mamytwink.com/montures/harnais-de-lycodrac-en-voyage";"https://www.wowhead.com/fr/item=217340";"";"";""
"1633";"Mammouth fouisseur conféré";"dragonflight";"10.2.6";"Haut-fait";"Facile";"Armée des rassasiés | Haut-fait | Îles aux Dragons";"1";"Îles aux Dragons";"Îles aux Dragons";"13642";"dragonflight";"Candidate unique - ? confirmer";"https://www.mamytwink.com/montures/mammouth-fouisseur-confere";"https://www.wowhead.com/fr/item=192788";"";"";""
"1672";"Jeune zenet";"dragonflight";"10.0";"Butin";"Moyen";"Œuf de zenet | Plaines d'Ohn'ahra | Zenet Avis";"1";"Plaines d’Ohn’ahra";"Îles aux Dragons";"13645";"dragonflight";"Candidate unique - ? confirmer";"https://www.mamytwink.com/montures/jeune-zenet";"https://www.wowhead.com/fr/item=198825";"";"";""
"1839";"Broutétoiles";"dragonflight";"10.2";"Vendeur";"Facile";"Elianna | Rêve d'émeraude | Infusion du Rêve";"1";"Rêve d’émeraude";"Îles aux Dragons";"14529";"dragonflight";"Candidate unique - ? confirmer";"https://www.mamytwink.com/montures/broutetoiles";"https://www.wowhead.com/fr/item=210945";"";"";""
"1808";"Cerf onirique bourgeonnant";"dragonflight";"10.2";"Vendeur";"Facile";"Rêve d'émeraude | Talisa Murmurante | Fleur de graine | Manne d'émeraude";"1";"Rêve d’émeraude";"Îles aux Dragons";"14529";"dragonflight";"Candidate unique - ? confirmer";"https://www.mamytwink.com/montures/renes-du-cerf-onirique-bourgeonnant";"https://www.wowhead.com/fr/item=209947";"";"";""
"1811";"Cerf onirique lunaire";"dragonflight";"10.2";"Vendeur";"Facile";"Lasara | Rêve d'émeraude | Renon Gardiens du Rêve";"1";"Rêve d’émeraude";"Îles aux Dragons";"14529";"dragonflight";"Candidate unique - ? confirmer";"https://www.mamytwink.com/montures/renes-du-cerf-onirique-lunaire";"https://www.wowhead.com/fr/item=209951";"";"";""
"1810";"Cerf onirique ravivé";"dragonflight";"10.2";"Vendeur";"Facile";"Rêve d'émeraude | Talisa Murmurante | Fleur de graine | Manne d'émeraude";"1";"Rêve d’émeraude";"Îles aux Dragons";"14529";"dragonflight";"Candidate unique - ? confirmer";"https://www.mamytwink.com/montures/renes-du-cerf-onirique-ravive";"https://www.wowhead.com/fr/item=209950";"";"";""
"1809";"Cerf onirique solegrâce";"dragonflight";"10.2";"Vendeur";"Facile";"Lasara | Rêve d'émeraude | Renon Gardiens du Rêve";"1";"Rêve d’émeraude";"Îles aux Dragons";"14529";"dragonflight";"Candidate unique - ? confirmer";"https://www.mamytwink.com/montures/renes-du-cerf-onirique-solegrace";"https://www.wowhead.com/fr/item=209949";"";"";""
"1837";"Délugène";"dragonflight";"10.2";"Vendeur";"Facile";"Elianna | Rêve d'émeraude | Infusion du Rêve";"1";"Rêve d’émeraude";"Îles aux Dragons";"14529";"dragonflight";"Candidate unique - ? confirmer";"https://www.mamytwink.com/montures/delugene";"https://www.wowhead.com/fr/item=210831";"";"";""
"1939";"Imaginaile";"dragonflight";"10.2";"Vendeur";"Facile";"Elianna | Rêve d'émeraude | Infusion du Rêve";"1";"Rêve d’émeraude";"Îles aux Dragons";"14529";"dragonflight";"Candidate unique - ? confirmer";"https://www.mamytwink.com/montures/imaginaile";"https://www.wowhead.com/fr/item=210948";"";"";""
"1938";"Mammythe";"dragonflight";"10.2";"Vendeur";"Facile";"Elianna | Rêve d'émeraude | Infusion du Rêve";"1";"Rêve d’émeraude";"Îles aux Dragons";"14529";"dragonflight";"Candidate unique - ? confirmer";"https://www.mamytwink.com/montures/mammythe";"https://www.wowhead.com/fr/item=210946";"";"";""
"1817";"Sabre de rêve de l’éclosion matinale";"dragonflight";"10.2";"Vendeur";"Facile";"Rêve d'émeraude | Talisa Murmurante | Fleur de graine | Manne d'émeraude";"1";"Rêve d’émeraude";"Îles aux Dragons";"14529";"dragonflight";"Candidate unique - ? confirmer";"https://www.mamytwink.com/montures/renes-du-sabre-de-reve-de-leclosion-matinale";"https://www.wowhead.com/fr/item=210057";"";"";""
"1815";"Sabre de rêve de la nuit hiémale";"dragonflight";"10.2";"Butin";"Facile";"Rêve d'émeraude | récompense de floraison | manne d'émeraude | graines oniriques";"1";"Rêve d’émeraude";"Îles aux Dragons";"14529";"dragonflight";"Candidate unique - ? confirmer";"https://www.mamytwink.com/montures/renes-du-sabre-de-reve-de-la-nuit-hiemale";"https://www.wowhead.com/fr/item=210059";"";"";""
"1816";"Sabre de rêve du soleil couchant";"dragonflight";"10.2";"Vendeur";"Facile";"Rêve d'émeraude | Talisa Murmurante | Fleur de graine | Manne d'émeraude";"1";"Rêve d’émeraude";"Îles aux Dragons";"14529";"dragonflight";"Candidate unique - ? confirmer";"https://www.mamytwink.com/montures/renes-du-sabre-de-reve-du-soleil-couchant";"https://www.wowhead.com/fr/item=210058";"";"";""
"1940";"Salatrance";"dragonflight";"10.2";"Vendeur";"Facile";"Elianna | Rêve d'émeraude | Infusion du Rêve";"1";"Rêve d’émeraude";"Îles aux Dragons";"14529";"dragonflight";"Candidate unique - ? confirmer";"https://www.mamytwink.com/montures/salatrance";"https://www.wowhead.com/fr/item=210969";"";"";""
"1838";"Serr";"dragonflight";"10.2";"Vendeur";"Facile";"Elianna | Rêve d'émeraude | Infusion du Rêve";"1";"Rêve d’émeraude";"Îles aux Dragons";"14529";"dragonflight";"Candidate unique - ? confirmer";"https://www.mamytwink.com/montures/serr";"https://www.wowhead.com/fr/item=210833";"";"";""
"1835";"Serre de rêve douceneige";"dragonflight";"10.2";"Vendeur";"Facile";"Rêve d'émeraude | Talisa Murmurante | Fleur de graine | Manne d'émeraude";"1";"Rêve d’émeraude";"Îles aux Dragons";"14529";"dragonflight";"Candidate unique - ? confirmer";"https://www.mamytwink.com/montures/renes-du-serre-de-reve-douceneige";"https://www.wowhead.com/fr/item=210775";"";"";""
"1834";"Serre de rêve ocre";"dragonflight";"10.2";"Quête";"Facile";"Rêve d'émeraude | Un maigre espoir n'est jamais de trop";"1";"Rêve d’émeraude";"Îles aux Dragons";"14529";"dragonflight";"Candidate unique - ? confirmer";"https://www.mamytwink.com/montures/renes-du-serre-de-reve-ocre";"https://www.wowhead.com/fr/item=210774";"";"";""
"1833";"Serre de rêve printanier";"dragonflight";"10.2";"Vendeur";"Facile";"Rêve d'émeraude | Talisa Murmurante | Fleur de graine | Manne d'émeraude";"1";"Rêve d’émeraude";"Îles aux Dragons";"14529";"dragonflight";"Candidate unique - ? confirmer";"https://www.mamytwink.com/montures/renes-du-serre-de-reve-printanier";"https://www.wowhead.com/fr/item=210769";"";"";""
"1612";"Magmammouth loyal";"dragonflight";"10.0";"Vendeur";"Moyen";"Yriès Lestes-Doigts | Rivages de l'Éveil";"1";"Rivages de l’Éveil";"Îles aux Dragons";"13644";"dragonflight";"Candidate unique - ? confirmer";"https://www.mamytwink.com/montures/magmammouth-loyal";"https://www.wowhead.com/fr/item=192601";"";"";""
"1469";"Magmargot";"dragonflight";"10.0";"Secret";"Facile";"Coquille de magma vide | Rivages de l'Éveil | Escargot renforcé";"1";"Rivages de l’Éveil";"Îles aux Dragons";"13644";"dragonflight";"Candidate unique - ? confirmer";"https://www.mamytwink.com/montures/magmargot";"https://www.wowhead.com/fr/item=192777";"";"";""
"1674";"Griffe-du-ciel caractérielle";"dragonflight";"10.0";"Secret";"Indisponible";"Travée d'Azur";"1";"Travée d’Azur";"Îles aux Dragons";"13646";"dragonflight";"Candidate unique - ? confirmer";"https://www.mamytwink.com/montures/griffe-du-ciel-caracterielle";"https://www.wowhead.com/fr/item=201454";"";"";""
"1553";"Rusarde libérée";"dragonflight";"10.0";"Butin";"Facile";"Croque-brise | Travée d'Azur";"1";"Travée d’Azur";"Îles aux Dragons";"13646";"dragonflight";"Candidate unique - ? confirmer";"https://www.mamytwink.com/montures/renes-de-rusarde-liberee";"https://www.wowhead.com/fr/item=201440";"";"";""
"2499";"Coursier du vent marqué par le Vide";"warWithin";"11.1.5";"Butin";"Facile";"Visions horrifiques redécouvertes | Wyverne matriarche du vent marquée par le Vide | Orgrimmar";"1";"Orgrimmar";"Kalimdor";"1637";"vanilla";"Candidate unique - ? confirmer";"https://www.mamytwink.com/montures/renes-de-coursier-du-vent-marque-par-le-vide";"https://www.wowhead.com/fr/item=235707";"";"";""
"1200";"Chimère d’Orneval";"bfa";"8.1";"Butin";"Moyen";"Sombrivage | Alash'anir";"1";"Sombrivage";"Kalimdor";"148";"vanilla";"Candidate unique - ? confirmer";"https://www.mamytwink.com/montures/chimere-dorneval";"https://www.wowhead.com/fr/item=166432";"";"";""
"1201";"Kodo effrayé";"bfa";"8.1";"Butin";"Difficile";"Sombrivage";"1";"Sombrivage";"Kalimdor";"148";"vanilla";"Candidate unique - ? confirmer";"https://www.mamytwink.com/montures/kodo-effraye";"https://www.wowhead.com/fr/item=166433";"";"";""
"1199";"Patte-Noire";"bfa";"8.1";"Butin";"Moyen";"Sombrivage | Ours en cage | Agathe Wyrmebois";"1";"Sombrivage";"Kalimdor";"148";"vanilla";"Candidate unique - ? confirmer";"https://www.mamytwink.com/montures/patte-noire";"https://www.wowhead.com/fr/item=166428";"";"";""
"1203";"Sabre-de-nuit acajou";"bfa";"8.1";"Butin";"Moyen";"Sombrivage | Moxo le Tranche-Tête | Athil Brûlerosée";"1";"Sombrivage";"Kalimdor";"148";"vanilla";"Candidate unique - ? confirmer";"https://www.mamytwink.com/montures/sabre-de-nuit-acajou";"https://www.wowhead.com/fr/item=166803";"";"";""
"1205";"Sabre-de-nuit kaldorei";"bfa";"8.1";"Butin";"Moyen";"Sombrivage | Croz Ragesang | Ombregriffe";"1";"Sombrivage";"Kalimdor";"148";"vanilla";"Candidate unique - ? confirmer";"https://www.mamytwink.com/montures/sabre-de-nuit-kaldorei";"https://www.wowhead.com/fr/item=166435";"";"";""
"1329";"Alpaga toison-vernale";"bfa";"8.3";"Quête";"Moyen";"Alpaga gavé | L'alpaga alpagué | Légume de Gersahl | Uldum";"1";"Uldum";"Kalimdor";"5034";"cataclysm";"Candidate unique - ? confirmer";"https://www.mamytwink.com/montures/renes-dalpaga-toison-vernale";"https://www.wowhead.com/fr/item=174859";"";"";""
"1320";"Bourdon barbillombre";"bfa";"8.3";"Quête";"Moyen";"Oeuf touché par le Vide | Prêt à décoller | Uldum | Assauts de N'Zoth";"1";"Uldum";"Kalimdor";"5034";"cataclysm";"Candidate unique - ? confirmer";"https://www.mamytwink.com/montures/bourdon-barbillombre";"https://www.wowhead.com/fr/item=174771";"";"";""
"1319";"Bourdon malveillant";"bfa";"8.3";"Butin";"Moyen";"Mange-cadavres | Uldum | Assauts de N'Zoth";"1";"Uldum";"Kalimdor";"5034";"cataclysm";"Candidate unique - ? confirmer";"https://www.mamytwink.com/montures/bourdon-malveillant";"https://www.wowhead.com/fr/item=174769";"";"";""
"1314";"Drake des quatre vents";"bfa";"8.3";"Butin";"Moyen";"Ishak des quatre vents | Uldum | Assauts de N'Zoth";"1";"Uldum";"Kalimdor";"5034";"cataclysm";"Candidate unique - ? confirmer";"https://www.mamytwink.com/montures/renes-de-drake-des-quatre-vents";"https://www.wowhead.com/fr/item=174641";"";"";""
"1317";"Maraudeur du désert";"bfa";"8.3";"Butin";"Moyen";"Croque-Charogne | Uldum | Assauts de N'Zoth";"1";"Uldum";"Kalimdor";"5034";"cataclysm";"Candidate unique - ? confirmer";"https://www.mamytwink.com/montures/maraudeur-du-desert";"https://www.wowhead.com/fr/item=174753";"";"";""
"2177";"Essaimite aigue-marine";"warWithin";"11.0";"Réputation";"Facile";"Kej | Dame Vinazian | Y'tekhi | Azj-Kahet | Fils tranchés";"1";"Azj-Kahet";"Khaz Algar";"14752";"the-war-within";"Candidate unique - ? confirmer";"https://www.mamytwink.com/montures/essaimite-aigue-marine";"https://www.wowhead.com/fr/item=223264";"";"";""
"2171";"Rampe-fonds de la veuve";"warWithin";"11.0";"Réputation";"Facile";"Yamas la pourvoyeuse | Bobine | Azj-Kahet | Kej";"1";"Azj-Kahet";"Khaz Algar";"14752";"the-war-within";"Candidate unique - ? confirmer";"https://www.mamytwink.com/montures/rampe-fonds-de-la-veuve";"https://www.wowhead.com/fr/item=223276";"";"";""
"2184";"Rampegueule féroce";"warWithin";"11.0";"Réputation";"Facile";"Kej | Dame Vinazian | Y'tekhi | Azj-Kahet | Fils tranchés";"1";"Azj-Kahet";"Khaz Algar";"14752";"the-war-within";"Candidate unique - ? confirmer";"https://www.mamytwink.com/montures/rampegueule-feroce";"https://www.wowhead.com/fr/item=223274";"";"";""
"2222";"Siesbarg";"warWithin";"11.0";"Quête";"Facile";"La mouche du coche | Azj-Kahet | La cité des Fils | Tka’ktath";"1";"Azj-Kahet";"Khaz Algar";"14752";"the-war-within";"Candidate unique - ? confirmer";"https://www.mamytwink.com/montures/siesbarg";"https://www.wowhead.com/fr/item=224150";"";"";""
"2531";"Tyrannotort";"warWithin";"11.1.5";"Quête";"Facile";"Encore une semaine incroyable | Duos infâmes";"1";"Duos infâmes";"Khaz Algar";"16092";"the-war-within";"Candidate unique - ? confirmer";"https://www.mamytwink.com/montures/tyrannotort";"https://www.wowhead.com/fr/mount/2531";"";"";""
"2842";"Assemblage arcanovide";"midnight";"12.0";"Haut-fait";"Moyen";"Haut-fait | Gouffres | Tête-à-tête : Vidaeus";"1";"Gouffres";"Khaz Algar";"15667";"the-war-within";"Candidate unique - ? confirmer";"https://www.mamytwink.com/montures/assemblage-arcanovide";"https://www.wowhead.com/fr/item=263222";"";"";""
"2144";"Dirigeable des archéologues";"warWithin";"11.0";"Quête";"Facile";"Gouffres | Brann Barbe-de-Bronze | En livraison !";"1";"Gouffres";"Khaz Algar";"15667";"the-war-within";"Candidate unique - ? confirmer";"https://www.mamytwink.com/montures/dirigeable-des-archeologues";"https://www.wowhead.com/fr/mount/2144";"";"";""
"2333";"Déchiqueteur de vagues vintage de Soweezi";"warWithin";"11.0.7";"Vendeur";"Facile";"Île aux Sirènes | Soweezi | Fer béni par la flamme";"1";"Île aux Sirènes";"Khaz Algar";"10416";"the-war-within";"Candidate unique - ? confirmer";"https://www.mamytwink.com/montures/dechiqueteur-de-vagues-vintage-de-soweezi";"https://www.wowhead.com/fr/item=233058";"";"";""
"2332";"Le Chant des Brisants";"warWithin";"11.0.7";"Haut-fait";"Facile";"Île aux Sirènes | hauts-faits | Île était un petit navire";"1";"Île aux Sirènes";"Khaz Algar";"10416";"the-war-within";"Candidate unique - ? confirmer";"https://www.mamytwink.com/montures/le-chant-des-brisants";"https://www.wowhead.com/fr/item=232991";"";"";""
"2469";"Mordragon prismatique";"warWithin";"11.0.7";"Quête";"Facile";"Île aux Sirènes | Un ami loyal | friandise de mordragon";"1";"Île aux Sirènes";"Khaz Algar";"10416";"the-war-within";"Candidate unique - ? confirmer";"https://www.mamytwink.com/montures/mordragon-prismatique";"https://www.wowhead.com/fr/item=233489";"";"";""
"2322";"Thrayir, les Yeux de la sirène";"warWithin";"11.0.7";"Secret";"Facile";"Île aux Sirènes | Chambre oubliée | Pierres runiques";"2";"Île aux Sirènes | Chambre Oubliée";"Khaz Algar";"10416 | 15827";"the-war-within";"Plusieurs candidates - choix manuel";"https://www.mamytwink.com/montures/thrayir-les-yeux-de-la-sirene";"https://www.wowhead.com/fr/item=232639";"";"";""
"2176";"Alunira";"warWithin";"11.0";"Butin";"Moyen";"Alunira | île de Dorn | Éclat crépitant";"1";"Île de Dorn";"Khaz Algar";"14717";"the-war-within";"Candidate unique - ? confirmer";"https://www.mamytwink.com/montures/alunira";"https://www.wowhead.com/fr/item=223270";"";"";""
"2165";"Hydromelleuse majestueuse";"warWithin";"11.0";"Vendeur";"Facile";"Cendvin | Île de Dorn | Pollen des cendres crépitant";"1";"Île de Dorn";"Khaz Algar";"14717";"the-war-within";"Candidate unique - ? confirmer";"https://www.mamytwink.com/montures/renes-dhydromelleuse-majestueuse";"https://www.wowhead.com/fr/item=223153";"";"";""
"2655";"Ardospine perdue dans la phase";"warWithin";"11.2";"Haut-fait";"Facile";"Plongée phasique | K'aresh";"2";"K’aresh";"Khaz Algar";"15336 | 16579";"the-war-within";"Plusieurs candidates - choix manuel";"https://www.mamytwink.com/montures/ardospine-perdue-dans-la-phase";"https://www.wowhead.com/fr/item=250240";"";"";""
"2560";"Barry le Bleu";"warWithin";"11.2";"Quête";"Facile";"K'aresh | Un beau bleu | l'Entente de K'aresh | Ba'eth";"2";"K’aresh";"Khaz Algar";"15336 | 16579";"the-war-within";"Plusieurs candidates - choix manuel";"https://www.mamytwink.com/montures/barry-le-bleu";"https://www.wowhead.com/fr/item=242733";"";"";""
"2603";"Dernier déjeuner de Sthaarbs";"warWithin";"11.2";"Butin";"Facile";"K'aresh | Écodôme l'Oasis";"2";"K’aresh";"Khaz Algar";"15336 | 16579";"the-war-within";"Plusieurs candidates - choix manuel";"https://www.mamytwink.com/montures/dernier-dejeuner-de-sthaarbs";"https://www.wowhead.com/fr/item=246160";"";"";""
"2602";"Goinfre transposé";"warWithin";"11.2";"Butin";"Facile";"Tazavesh | K'aresh | Essaims de dévoreurs | cosse énergétique dévorée";"2";"K’aresh";"Khaz Algar";"15336 | 16579";"the-war-within";"Plusieurs candidates - choix manuel";"https://www.mamytwink.com/montures/goinfre-transpose";"https://www.wowhead.com/fr/item=246159";"";"";""
"2552";"K’arroc lavande";"warWithin";"11.2";"Vendeur";"Facile";"Plongée phasique | K'aresh | Shad'anis";"2";"K’aresh";"Khaz Algar";"15336 | 16579";"the-war-within";"Plusieurs candidates - choix manuel";"https://www.mamytwink.com/montures/karroc-lavande";"https://www.wowhead.com/fr/item=242717";"";"";""
"2549";"K’arroc ombreux";"warWithin";"11.2";"Haut-fait";"Moyen";"K'aresh | Manaforge Oméga";"2";"K’aresh";"Khaz Algar";"15336 | 16579";"the-war-within";"Plusieurs candidates - choix manuel";"https://www.mamytwink.com/montures/karroc-ombreux";"https://www.wowhead.com/fr/item=242714";"";"";""
"2505";"K’arroc resplendissant";"warWithin";"11.2";"Quête";"Facile";"K'aresh | L'espoir de Karesh | Expédition";"2";"K’aresh";"Khaz Algar";"15336 | 16579";"the-war-within";"Plusieurs candidates - choix manuel";"https://www.mamytwink.com/montures/karroc-resplendissant";"https://www.wowhead.com/fr/item=242713";"";"";""
"2601";"Krolusk perlescent";"warWithin";"11.2";"Butin";"Facile";"K'aresh | Urmag";"2";"K’aresh";"Khaz Algar";"15336 | 16579";"the-war-within";"Plusieurs candidates - choix manuel";"https://www.mamytwink.com/montures/krolusk-perlescent";"https://www.wowhead.com/fr/item=246067";"";"";""
"2555";"Le Geleur d’Ossements";"warWithin";"11.2";"Réputation";"Facile";"Renom | Vandales de la Manaforge | Ba'choso | K'aresh | Manaforge Oméga";"2";"K’aresh";"Khaz Algar";"15336 | 16579";"the-war-within";"Plusieurs candidates - choix manuel";"https://www.mamytwink.com/montures/le-geleur-dossements";"https://www.wowhead.com/fr/item=242728";"";"";""
"1483";"Mécaplaneur de vandale";"warWithin";"11.2";"Réputation";"Facile";"Renom | Vandales de la Manaforge | Ba'choso | K'aresh | Manaforge Oméga";"2";"K’aresh";"Khaz Algar";"15336 | 16579";"the-war-within";"Plusieurs candidates - choix manuel";"https://www.mamytwink.com/montures/mecaplaneur-de-vandale";"https://www.wowhead.com/fr/item=186640";"";"";""
"2557";"Rampant du Vide acide";"warWithin";"11.2";"Vendeur";"Facile";"Plongée phasique | K'aresh | Shad'anis";"2";"K’aresh";"Khaz Algar";"15336 | 16579";"the-war-within";"Plusieurs candidates - choix manuel";"https://www.mamytwink.com/montures/rampant-du-vide-acide";"https://www.wowhead.com/fr/item=242730";"";"";""
"2511";"Terreur de la Nuit";"warWithin";"11.2";"Haut-fait";"Facile";"Défense civile | K'aresh | Mandats";"2";"K’aresh";"Khaz Algar";"15336 | 16579";"the-war-within";"Plusieurs candidates - choix manuel";"https://www.mamytwink.com/montures/terreur-de-la-nuit";"https://www.wowhead.com/fr/item=237485";"";"";""
"2550";"Vol-au-vent k’arroc";"warWithin";"11.2.7";"Quête";"Facile";"En route vers Tazavesh | une fois de plus | K'aresh";"2";"K’aresh";"Khaz Algar";"15336 | 16579";"the-war-within";"Plusieurs candidates - choix manuel";"https://www.mamytwink.com/montures/vol-au-vent-karroc";"https://www.wowhead.com/fr/item=242715";"";"";""
"2194";"Lynx impérial audacieux";"warWithin";"11.0";"Butin";"Facile";"Propager la lumière | Sainte-Chute";"1";"Sainte-Chute";"Khaz Algar";"14838";"the-war-within";"Candidate unique - ? confirmer";"https://www.mamytwink.com/montures/lynx-imperial-audacieux";"https://www.wowhead.com/fr/item=223318";"";"";""
"2295";"Bombardier de Baille-Fonds";"warWithin";"11.1";"Butin";"Facile";"Terremine | Trésor de Baille-Fonds | Cartel Baille-Fonds";"2";"Terremine";"Khaz Algar";"15347 | 16093";"the-war-within";"Plusieurs candidates - choix manuel";"https://www.mamytwink.com/montures/bombardier-de-baille-fonds";"https://www.wowhead.com/fr/item=229957";"";"";""
"2334";"Déchiqueteur de vagues gobelin en bronze";"warWithin";"11.1";"Réputation";"Facile";"Trésor imprégné de ténèbres | Terremine | Solutions ténébreuses";"2";"Terremine";"Khaz Algar";"15347 | 16093";"the-war-within";"Plusieurs candidates - choix manuel";"https://www.mamytwink.com/montures/dechiqueteur-de-vagues-gobelin-en-bronze";"https://www.wowhead.com/fr/item=233064";"";"";""
"2286";"Déchiqueteur des Flots noirs de luxe mod. II";"warWithin";"11.1";"Réputation";"Facile";"Cartel des Flots noirs | Terremine | Maître d'équipage Hardee";"2";"Terremine";"Khaz Algar";"15347 | 16093";"the-war-within";"Plusieurs candidates - choix manuel";"https://www.mamytwink.com/montures/dechiqueteur-des-flots-noirs-de-luxe-mod-ii";"https://www.wowhead.com/fr/item=229948";"";"";""
"2274";"Frappeur des Flots noirs";"warWithin";"11.1";"Butin";"Facile";"Terremine | Trésor des Flots noirs | Cartel des Flots noirs";"2";"Terremine";"Khaz Algar";"15347 | 16093";"the-war-within";"Plusieurs candidates - choix manuel";"https://www.mamytwink.com/montures/frappeur-des-flots-noirs";"https://www.wowhead.com/fr/item=229937";"";"";""
"2284";"Fusée de livraison ocre";"warWithin";"11.1";"Réputation";"Facile";"Cartel KapitalRisk | Terremine | Shredz le Ferrailleur";"2";"Terremine";"Khaz Algar";"15347 | 16093";"the-war-within";"Plusieurs candidates - choix manuel";"https://www.mamytwink.com/montures/fusee-de-livraison-ocre";"https://www.wowhead.com/fr/item=229946";"";"";""
"2272";"Grogneur cuirassé cramoisi";"warWithin";"11.1";"Réputation";"Facile";"Cartel Baille-Fonds | Terremine | Rocco Razzboum";"2";"Terremine";"Khaz Algar";"15347 | 16093";"the-war-within";"Plusieurs candidates - choix manuel";"https://www.mamytwink.com/montures/grogneur-cuirasse-cramoisi";"https://www.wowhead.com/fr/item=229935";"";"";""
"2281";"Grossiste de Gentepression";"warWithin";"11.1";"Butin";"Facile";"Terremine | Trésor de Gentepression | Cartel de Gentepression";"2";"Terremine";"Khaz Algar";"15347 | 16093";"the-war-within";"Plusieurs candidates - choix manuel";"https://www.mamytwink.com/montures/grossiste-de-gentepression";"https://www.wowhead.com/fr/mount/2281";"";"";""
"2283";"Investigateur d’innovations";"warWithin";"11.1";"Vendeur";"Facile";"Skedgit Cendrepan | Terremine | assortiments d'appareils";"2";"Terremine";"Khaz Algar";"15347 | 16093";"the-war-within";"Plusieurs candidates - choix manuel";"https://www.mamytwink.com/montures/investigateur-dinnovations";"https://www.wowhead.com/fr/item=229941";"";"";""
"2289";"Koordinatrice Kapitale";"warWithin";"11.1";"Butin";"Facile";"Terremine | Trésor de la KapitalRisk | Cartel KapitalRisk";"2";"Terremine";"Khaz Algar";"15347 | 16093";"the-war-within";"Plusieurs candidates - choix manuel";"https://www.mamytwink.com/montures/koordinatrice-kapitale";"https://www.wowhead.com/fr/item=229951";"";"";""
"2291";"Machine volante recyclée de Gobelin milliardaire";"warWithin";"11.1";"Butin";"Facile";"Détritus du Gallagio | Terremine | Tas de D.E.B.R.I.S.";"2";"Terremine";"Khaz Algar";"15347 | 16093";"the-war-within";"Plusieurs candidates - choix manuel";"https://www.mamytwink.com/montures/machine-volante-recyclee-de-gobelin-milliardaire";"https://www.wowhead.com/fr/item=229953";"";"";""
"2292";"Manipulateur de marge";"warWithin";"11.1";"Vendeur";"Facile";"Skedgit Cendrepan | Terremine | assortiments d'appareils";"2";"Terremine";"Khaz Algar";"15347 | 16093";"the-war-within";"Plusieurs candidates - choix manuel";"https://www.mamytwink.com/montures/manipulateur-de-marge";"https://www.wowhead.com/fr/item=229954";"";"";""
"2293";"Œil-espion imprégné de ténèbres";"warWithin";"11.1";"Butin";"Facile";"Précipitant imprégné de ténèbres | Solutions ténébreuses | Terremine";"2";"Terremine";"Khaz Algar";"15347 | 16093";"the-war-within";"Plusieurs candidates - choix manuel";"https://www.mamytwink.com/montures/oeil-espion-impregne-de-tenebres";"https://www.wowhead.com/fr/item=229955";"";"";""
"2290";"Réévaluateur de ressources";"warWithin";"11.1";"Vendeur";"Facile";"Skedgit Cendrepan | Terremine | assortiments d'appareils";"2";"Terremine";"Khaz Algar";"15347 | 16093";"the-war-within";"Plusieurs candidates - choix manuel";"https://www.mamytwink.com/montures/reevaluateur-de-ressources";"https://www.wowhead.com/fr/item=229952";"";"";""
"2294";"Vilaine machine volante verte";"warWithin";"11.1";"Réputation";"Facile";"Cartel Gentepression | Terremine | Laborantin Laszly";"2";"Terremine";"Khaz Algar";"15347 | 16093";"the-war-within";"Plusieurs candidates - choix manuel";"https://www.mamytwink.com/montures/vilaine-machine-volante-verte";"https://www.wowhead.com/fr/item=229956";"";"";""
"2296";"Gob-trotteur du Gouffre";"warWithin";"11.1";"Quête";"Facile";"Gouffres | Terremine | Brann Barbe-de-Bronze";"3";"Terremine | Gouffres";"Khaz Algar";"15347 | 15667 | 16093";"the-war-within";"Plusieurs candidates - choix manuel";"https://www.mamytwink.com/montures/gob-trotteur-du-gouffre";"https://www.wowhead.com/fr/item=229974";"";"";""
"2158";"Disperseur de foule 2-30";"warWithin";"11.0";"Métier";"Moyen";"Ingénierie | Khaz Algar";"2";"Khaz Algar";"Khaz Algar | Royaumes de l’Est";"14665 | 14748";"the-war-within";"Plusieurs candidates - choix manuel";"https://www.mamytwink.com/montures/disperseur-de-foule-2-30";"https://www.wowhead.com/fr/item=221967";"";"";""
"2230";"Goliath d’ivoire";"warWithin";"11.0";"Haut-fait";"Facile";"Gloire des Gouffres | Khaz Algar";"2";"Khaz Algar";"Khaz Algar | Royaumes de l’Est";"14665 | 14748";"the-war-within";"Plusieurs candidates - choix manuel";"https://www.mamytwink.com/montures/goliath-divoire";"https://www.wowhead.com/fr/item=224415";"";"";""
"2192";"Engeance de Beledar";"warWithin";"11.0";"Butin";"Facile";"Sainte-Chute | Engeance de Beledar | Khaz Algar";"3";"Khaz Algar | Sainte-Chute";"Khaz Algar | Royaumes de l’Est";"14665 | 14748 | 14838";"the-war-within";"Plusieurs candidates - choix manuel";"https://www.mamytwink.com/montures/engeance-de-beledar";"https://www.wowhead.com/fr/item=223315";"";"";""
"1773";"Griffon du port";"dragonflight";"10.1.5";"Quête";"Facile";"L'heure de s'envoler | Boralus | Leila Stafford";"1";"Boralus";"Kul Tiras";"8568";"battle-for-azeroth";"Candidate unique - ? confirmer";"https://www.mamytwink.com/montures/griffon-du-port";"https://www.wowhead.com/fr/item=206567";"";"";""
"1016";"Destrier anthracite";"bfa";"8.0";"Réputation";"Facile";"Ordre des Braises | Exalté | Drustvar";"1";"Drustvar";"Kul Tiras";"8721";"battle-for-azeroth";"Candidate unique - ? confirmer";"https://www.mamytwink.com/montures/renes-du-destrier-anthracite";"https://www.wowhead.com/fr/item=161910";"";"";""
"1062";"Griffon sombre des Malvoie";"bfa";"8.2";"Réputation";"Facile";"Ordre des Braises | Exalté | Drustvar | Vol dans BFA";"1";"Drustvar";"Kul Tiras";"8721";"battle-for-azeroth";"Candidate unique - ? confirmer";"https://www.mamytwink.com/montures/renes-de-griffon-sombre-des-malvoie";"https://www.wowhead.com/fr/item=161908";"";"";""
"1064";"Éclaireur des mers des Portvaillant";"bfa";"8.2";"Réputation";"Facile";"Amirauté des Portvaillant | Exalté | Rade de Tiragarde | Vol dans BFA";"1";"Rade de Tiragarde";"Kul Tiras";"8567";"battle-for-azeroth";"Candidate unique - ? confirmer";"https://www.mamytwink.com/montures/renes-declaireur-des-mers-des-portvaillant";"https://www.wowhead.com/fr/item=161879";"";"";""
"1010";"Étalon de l’amirauté";"bfa";"8.0";"Réputation";"Facile";"Amirauté des Portvaillant | Exalté | Rade de Tiragarde";"1";"Rade de Tiragarde";"Kul Tiras";"8567";"battle-for-azeroth";"Candidate unique - ? confirmer";"https://www.mamytwink.com/montures/renes-detalon-de-lamiraute";"https://www.wowhead.com/fr/item=161911";"";"";""
"1013";"Butineuse dos-de-miel";"bfa";"8.2.5";"Quête";"Facile";"Essaim dos-de-miel | Vallée Chantorage";"1";"Vallée Chantorage";"Kul Tiras";"9042";"battle-for-azeroth";"Candidate unique - ? confirmer";"https://www.mamytwink.com/montures/harnais-de-butineuse-dos-de-miel";"https://www.wowhead.com/fr/item=170069";"";"";""
"1019";"Crin d’or";"bfa";"8.0";"Butin";"Difficile";"Vallée Chantorage | Hurans | Eaugures | Hôtel des ventes";"1";"Vallée Chantorage";"Kul Tiras";"9042";"battle-for-azeroth";"Candidate unique - ? confirmer";"https://www.mamytwink.com/montures/renes-de-crin-dor";"https://www.wowhead.com/fr/item=163573";"";"";""
"1063";"Garde-côte chantorage";"bfa";"8.2";"Réputation";"Facile";"Sillage des tempêtes | Exalté | Vallée Chantorage | Vol dans BFA";"1";"Vallée Chantorage";"Kul Tiras";"9042";"battle-for-azeroth";"Candidate unique - ? confirmer";"https://www.mamytwink.com/montures/renes-de-garde-cote-chantorage";"https://www.wowhead.com/fr/item=161909";"";"";""
"1015";"Gris truité";"bfa";"8.0";"Réputation";"Facile";"Sillage des tempêtes | Exalté | Vallée Chantorage";"1";"Vallée Chantorage";"Kul Tiras";"9042";"battle-for-azeroth";"Candidate unique - ? confirmer";"https://www.mamytwink.com/montures/renes-de-gris-truite";"https://www.wowhead.com/fr/item=161912";"";"";""
"1057";"Serpent de sang de Nazjatar";"bfa";"8.0";"Secret";"Moyen";"Vallée Chantorage | Hôtel des ventes | Fragment abyssal";"1";"Vallée Chantorage";"Kul Tiras";"9042";"battle-for-azeroth";"Candidate unique - ? confirmer";"https://www.mamytwink.com/montures/serpent-de-sang-nazjatar";"https://www.wowhead.com/fr/item=161479";"";"";""
"943";"Hippogriffe nuelle";"legion";"7.2";"Réputation";"Moyen";"Azsuna | Réputation parangon | Coffre de Farondis";"2";"Azsuna";"Les Îles Brisées";"7334 | 8000";"legion";"Plusieurs candidates - choix manuel";"https://www.mamytwink.com/montures/hippogriffe-nuelle";"https://www.wowhead.com/fr/item=147806";"";"";""
"793";"Scrutesang prédateur";"legion";"7.1";"Quête";"Moyen";"Falcosaures | Nouveau-né scrutesang | Azsuna";"2";"Azsuna";"Les Îles Brisées";"7334 | 8000";"legion";"Plusieurs candidates - choix manuel";"https://www.mamytwink.com/montures/scrutesang-predateur";"https://www.wowhead.com/fr/item=137577";"";"";""
"981";"Grince-dents caustique";"legion";"7.3";"Butin";"Moyen";"Vrax'thul | Argus | étendues Antoréennes";"1";"Étendues Antoréennes";"Les Îles Brisées";"8899";"legion";"Candidate unique - ? confirmer";"https://www.mamytwink.com/montures/grince-dents-caustique";"https://www.wowhead.com/fr/item=152903";"";"";""
"979";"Gueule-écumante cramoisie";"legion";"7.3";"Butin";"Moyen";"Gueule putride | Argus | Étendues Antoréennes";"1";"Étendues Antoréennes";"Les Îles Brisées";"8899";"legion";"Candidate unique - ? confirmer";"https://www.mamytwink.com/montures/gueule-ecumante-cramoisie";"https://www.wowhead.com/fr/item=152905";"";"";""
"955";"Vil indomptable";"legion";"7.3";"Butin";"Moyen";"Dresseur de molosses Kerrax | Argus | Étendues Antoréennes";"1";"Étendues Antoréennes";"Les Îles Brisées";"8899";"legion";"Candidate unique - ? confirmer";"https://www.mamytwink.com/montures/vil-indomptable";"https://www.wowhead.com/fr/item=152790";"";"";""
"795";"Chasseur plume-neige";"legion";"7.1";"Quête";"Moyen";"Falcosaures | Nouveau-né plume-neige | Haut-Roc";"2";"Haut-Roc";"Les Îles Brisées";"7503 | 10713";"legion | battle-for-azeroth";"Plusieurs candidates - choix manuel";"https://www.mamytwink.com/montures/chasseur-plume-neige";"https://www.wowhead.com/fr/item=137578";"";"";""
"941";"Noble-bois de Haut-Roc";"legion";"7.2";"Réputation";"Moyen";"Haut-Roc | Réputation parangon | Fournitures de Haut-Roc";"2";"Haut-Roc";"Les Îles Brisées";"7503 | 10713";"legion | battle-for-azeroth";"Plusieurs candidates - choix manuel";"https://www.mamytwink.com/montures/noble-bois-de-haut-roc";"https://www.wowhead.com/fr/item=147807";"";"";""
"838";"Créature des grands fonds";"legion";"7.1";"Secret";"Moyen";"Kosumoth l'Affamé | expédition cachée | Oeil d'Azshara";"1";"Œil d’Azshara";"Les Îles Brisées";"7578";"legion";"Candidate unique - ? confirmer";"https://www.mamytwink.com/montures/creature-des-grands-fonds";"https://www.wowhead.com/fr/item=138201";"";"";""
"864";"Ban Lu, compagnon de grand maître";"legion";"7.2";"Quête";"Facile";"Monture de classe | Rivage Brisé | Conquête de la tombe | L’épreuve de Ban Lu";"1";"Rivage Brisé";"Les Îles Brisées";"7543";"legion";"Candidate unique - ? confirmer";"https://www.mamytwink.com/montures/ban-lu-compagnon-de-grand-maitre";"https://www.wowhead.com/fr/item=142225";"";"";""
"885";"Destrier doré de généralissime";"legion";"7.2";"Quête";"Facile";"Monture de classe | Rivage Brisé | Conquête de la tombe | Ça s’agite dans l’ombre";"1";"Rivage Brisé";"Les Îles Brisées";"7543";"legion";"Candidate unique - ? confirmer";"https://www.mamytwink.com/montures/destrier-dore-de-generalissime";"https://www.wowhead.com/fr/item=143502";"";"";""
"898";"Destrier du courroux chaotique de seigneur du Néant";"legion";"7.2";"Quête";"Facile";"Monture de classe | Rivage Brisé | Conquête de la tombe | Le destrier du courroux de Xoroth";"1";"Rivage Brisé";"Les Îles Brisées";"7543";"legion";"Candidate unique - ? confirmer";"https://www.mamytwink.com/montures/destrier-du-courroux-chaotique-de-seigneur-du-neant";"https://www.wowhead.com/fr/mount/898";"";"";""
"931";"Destrier du courroux maudit de seigneur du Néant";"legion";"7.2";"Quête";"Facile";"Monture de classe | Le destrier du courroux de Xoroth | Seigneur Hel'nurath | rivage Brisé | Rênes ténébreuses du destrier du courroux maudit";"1";"Rivage Brisé";"Les Îles Brisées";"7543";"legion";"Candidate unique - ? confirmer";"https://www.mamytwink.com/montures/destrier-du-courroux-maudit-de-seigneur-du-neant";"https://www.wowhead.com/fr/item=142233";"";"";""
"860";"Disque prismatique d’archimage";"legion";"7.2";"Quête";"Facile";"Monture de classe | Rivage Brisé | Conquête de la tombe | La dispersion des disques";"1";"Rivage Brisé";"Les Îles Brisées";"7543";"legion";"Candidate unique - ? confirmer";"https://www.mamytwink.com/montures/disque-prismatique-darchimage";"https://www.wowhead.com/fr/mount/860";"";"";""
"865";"Loup-faucon loyal de maître chasseur";"legion";"7.2";"Quête";"Facile";"Monture de classe | Rivage Brisé | Conquête de la tombe | La nuit de la chasse";"1";"Rivage Brisé";"Les Îles Brisées";"7543";"legion";"Candidate unique - ? confirmer";"https://www.mamytwink.com/montures/loup-faucon-loyal-de-maitre-chasseur";"https://www.wowhead.com/fr/item=142227";"";"";""
"884";"Présage meurtrier de lame-de-l’ombre";"legion";"7.2";"Quête";"Facile";"Monture de classe | Rivage Brisé | Conquête de la tombe | Cachés en pleine lumière";"1";"Rivage Brisé";"Les Îles Brisées";"7543";"legion";"Candidate unique - ? confirmer";"https://www.mamytwink.com/montures/presage-meurtrier-de-lame-de-lombre";"https://www.wowhead.com/fr/item=143493";"";"";""
"888";"Tempête déchaînée de long-voyant";"legion";"7.2";"Quête";"Facile";"Monture de classe | Rivage Brisé | Conquête de la tombe | Rassemblement des tempêtes";"1";"Rivage Brisé";"Les Îles Brisées";"7543";"legion";"Candidate unique - ? confirmer";"https://www.mamytwink.com/montures/tempete-dechainee-de-long-voyant";"https://www.wowhead.com/fr/item=143489";"";"";""
"866";"Vainqueur couvepeste de seigneur de la mort";"legion";"7.2";"Quête";"Facile";"Monture de classe | Rivage Brisé | Conquête de la tombe | Le glacier Perdu";"1";"Rivage Brisé";"Les Îles Brisées";"7543";"legion";"Candidate unique - ? confirmer";"https://www.mamytwink.com/montures/vainqueur-couvepeste-de-seigneur-de-la-mort";"https://www.wowhead.com/fr/item=142231";"";"";""
"861";"Veilleur ligelumière de grand prêtre";"legion";"7.2";"Quête";"Facile";"Monture de classe | Rivage Brisé | Conquête de la tombe | Le caveau Englouti";"1";"Rivage Brisé";"Les Îles Brisées";"7543";"legion";"Candidate unique - ? confirmer";"https://www.mamytwink.com/montures/pisteur-ligelumiere-de-grand-pretre";"https://www.wowhead.com/fr/mount/861";"";"";""
"867";"Wyrm sanguinaire de seigneur de bataille";"legion";"7.2";"Quête";"Facile";"Monture de classe | Rivage Brisé | Conquête de la tombe | L’épreuve de la rage";"1";"Rivage Brisé";"Les Îles Brisées";"7543";"legion";"Candidate unique - ? confirmer";"https://www.mamytwink.com/montures/wyrm-sanguinaire-de-seigneur-de-bataille";"https://www.wowhead.com/fr/item=142232";"";"";""
"944";"Aile-tempête valarjar";"legion";"7.2";"Réputation";"Moyen";"Tornheim | Réputation parangon | Coffre renforcé valarjar";"3";"Tornheim";"Les Îles Brisées";"7541 | 7921 | 10714";"legion | battle-for-azeroth";"Plusieurs candidates - choix manuel";"https://www.mamytwink.com/montures/aile-tempete-valarjar";"https://www.wowhead.com/fr/item=147805";"";"";""
"794";"Bec-sinistre brillant";"legion";"7.1";"Quête";"Moyen";"Falcosaures | Nouveau-né bec-sinistre | Tornheim";"3";"Tornheim";"Les Îles Brisées";"7541 | 7921 | 10714";"legion | battle-for-azeroth";"Plusieurs candidates - choix manuel";"https://www.mamytwink.com/montures/bec-sinistre-brillant";"https://www.wowhead.com/fr/item=137579";"";"";""
"942";"Courserêve sauvage";"legion";"7.2";"Réputation";"Moyen";"Val'sharah | Réputation parangon | Cache tisse-rêves";"2";"Val’sharah";"Les Îles Brisées";"7558 | 10430";"legion | battle-for-azeroth";"Plusieurs candidates - choix manuel";"https://www.mamytwink.com/montures/coursereve-sauvage";"https://www.wowhead.com/fr/item=147804";"";"";""
"796";"Serres-tranchantes viridien";"legion";"7.1";"Quête";"Moyen";"Falcosaures | Nouveau-né serre-tranchante | Val'sharah";"2";"Val’sharah";"Les Îles Brisées";"7558 | 10430";"legion | battle-for-azeroth";"Plusieurs candidates - choix manuel";"https://www.mamytwink.com/montures/serres-tranchantes-viridien";"https://www.wowhead.com/fr/item=137580";"";"";""
"779";"Esprit d’Eche’ro";"legion";"7.0";"Archéologie";"Moyen";"Archéologie | Dalaran | Îles Brisées | Dariness l’Instruite | Sur la bonne voie | Fragment d'os d'Eche'ro";"4";"Dalaran";"Norfendre | Pandarie | Les Îles Brisées | Royaumes de l’Est";"4395 | 6611 | 7502 | 7886";"wrath-of-the-lich-king | mists-of-pandaria | legion";"Plusieurs candidates - choix manuel";"https://www.mamytwink.com/montures/esprit-dechero";"https://www.wowhead.com/fr/item=131734";"";"";""
"1376";"Aile de l’effroi à pointe d’argent";"shadowlands";"9.0";"Congrégation";"Moyen";"Faë nocturnes | Jardin d'hiver de la Reine | Venthyrs | Cour des braises | Kyrians | Voie de l'Ascension | Nécro-seigneurs | Fabrique à Abominations | Anima du réservoir";"1";"Cour des Braises";"Ombreterre";"13329";"shadowlands";"Candidate unique - ? confirmer";"https://www.mamytwink.com/montures/aile-de-leffroi-a-pointe-dargent";"https://www.wowhead.com/fr/item=181316";"";"";""
"1408";"Aile-écorchée repoussante";"shadowlands";"9.0";"Congrégation";"Moyen";"Faë nocturnes | Jardin d'hiver de la Reine | Venthyrs | Cour des braises | Kyrians | Voie de l'Ascension | Nécro-seigneurs | Fabrique à Abominations | Anima du réservoir";"1";"Cour des Braises";"Ombreterre";"13329";"shadowlands";"Candidate unique - ? confirmer";"https://www.mamytwink.com/montures/aile-ecorchee-repoussante";"https://www.wowhead.com/fr/item=181300";"";"";""
"1413";"Coursenuit intrépide";"shadowlands";"9.0";"Congrégation";"Moyen";"Faë nocturnes | Jardin d'hiver de la Reine | Venthyrs | Cour des braises | Kyrians | Voie de l'Ascension | Nécro-seigneurs | Fabrique à Abominations | Anima du réservoir";"1";"Cour des Braises";"Ombreterre";"13329";"shadowlands";"Candidate unique - ? confirmer";"https://www.mamytwink.com/montures/coursenuit-intrepide";"https://www.wowhead.com/fr/item=181317";"";"";""
"1392";"Gueule-d’acide blafard";"shadowlands";"9.0";"Congrégation";"Moyen";"Faë nocturnes | Jardin d'hiver de la Reine | Venthyrs | Cour des braises | Kyrians | Voie de l'Ascension | Nécro-seigneurs | Fabrique à Abominations | Anima du réservoir";"1";"Cour des Braises";"Ombreterre";"13329";"shadowlands";"Candidate unique - ? confirmer";"https://www.mamytwink.com/montures/gueule-dacide-blafard";"https://www.wowhead.com/fr/item=180726";"";"";""
"1436";"Aquilon chevronné";"shadowlands";"9.1";"Vendeur";"Moyen";"Korthia | Kyrians | Avancée de la mort";"1";"Korthia";"Ombreterre";"13570";"shadowlands";"Candidate unique - ? confirmer";"https://www.mamytwink.com/montures/aquilon-chevronne";"https://www.wowhead.com/fr/item=186480";"";"";""
"1493";"Aquilon désavoué";"shadowlands";"9.1";"Butin";"Moyen";"Korthia | Kyrians | Craquemonde sauvage | Popo | Noyau intact d’aquilon";"1";"Korthia";"Ombreterre";"13570";"shadowlands";"Candidate unique - ? confirmer";"https://www.mamytwink.com/montures/aquilon-desavoue";"https://www.wowhead.com/fr/item=186483";"";"";""
"1505";"Cuirasaure ambré";"shadowlands";"9.1";"Réputation";"Facile";"Korthia | Avancée de la mort | Duchesse des Voyées";"1";"Korthia";"Ombreterre";"13570";"shadowlands";"Candidate unique - ? confirmer";"https://www.mamytwink.com/montures/cuirasaure-ambre";"https://www.wowhead.com/fr/item=186647";"";"";""
"1455";"Cuirasaure de béryl";"shadowlands";"9.1";"Réputation";"Moyen";"Korthia | Réputation parangon | Fournitures de l'Avancée de la mort";"1";"Korthia";"Ombreterre";"13570";"shadowlands";"Candidate unique - ? confirmer";"https://www.mamytwink.com/montures/cuirasaure-de-beryl";"https://www.wowhead.com/fr/item=186644";"";"";""
"1506";"Cuirasaure écarlate";"shadowlands";"9.1";"Butin";"Moyen";"Korthia | Malbog | Conseilleur Kah-Kay";"1";"Korthia";"Ombreterre";"13570";"shadowlands";"Candidate unique - ? confirmer";"https://www.mamytwink.com/montures/cuirasaure-ecarlate";"https://www.wowhead.com/fr/item=186645";"";"";""
"1497";"Diptère de guerre";"shadowlands";"9.1";"Vendeur";"Moyen";"Korthia | Nécro-Seigneurs | Avancée de la mort";"1";"Korthia";"Ombreterre";"13570";"shadowlands";"Candidate unique - ? confirmer";"https://www.mamytwink.com/montures/harnais-de-diptere-de-guerre";"https://www.wowhead.com/fr/item=186490";"";"";""
"1487";"Lycodrac estival";"shadowlands";"9.1";"Butin";"Moyen";"Korthia | Lycodrac en fuite | Faë nocturnes";"1";"Korthia";"Ombreterre";"13570";"shadowlands";"Candidate unique - ? confirmer";"https://www.mamytwink.com/montures/harnais-de-lycodrac-estival";"https://www.wowhead.com/fr/item=186492";"";"";""
"1486";"Lycodrac hivernal";"shadowlands";"9.1";"Vendeur";"Moyen";"Korthia | Faë nocturnes | Avancée de la mort";"1";"Korthia";"Ombreterre";"13570";"shadowlands";"Candidate unique - ? confirmer";"https://www.mamytwink.com/montures/harnais-de-lycodrac-hivernal";"https://www.wowhead.com/fr/item=186495";"";"";""
"1454";"Marteleur apprivoisé";"shadowlands";"9.1";"Réputation";"Moyen";"Korthia | Réputation parangon | Fournitures du Codex des archivistes";"1";"Korthia";"Ombreterre";"13570";"shadowlands";"Candidate unique - ? confirmer";"https://www.mamytwink.com/montures/harnais-de-marteleur-apprivoise";"https://www.wowhead.com/fr/item=186641";"";"";""
"1514";"Mutilateur enragé";"shadowlands";"9.1";"Butin";"Moyen";"Korthia | Konthrogz l'Oblitérateur";"1";"Korthia";"Ombreterre";"13570";"shadowlands";"Candidate unique - ? confirmer";"https://www.mamytwink.com/montures/mutilateur-enrage";"https://www.wowhead.com/fr/item=187183";"";"";""
"1510";"Rasaile de Lumière-du-Soir";"shadowlands";"9.1";"Butin";"Facile";"Korthia | Oeufs de rasaile perdus | Matriarche Lumière-du-Soir";"1";"Korthia";"Ombreterre";"13570";"shadowlands";"Candidate unique - ? confirmer";"https://www.mamytwink.com/montures/rasaile-de-lumiere-du-soir";"https://www.wowhead.com/fr/item=186651";"";"";""
"1508";"Rasaile féroce";"shadowlands";"9.1";"Réputation";"Moyen";"Korthia | Réputation parangon | Fournitures de l'Avancée de la mort";"1";"Korthia";"Ombreterre";"13570";"shadowlands";"Candidate unique - ? confirmer";"https://www.mamytwink.com/montures/rasaile-feroce";"https://www.wowhead.com/fr/item=186649";"";"";""
"1509";"Rasaile grenat";"shadowlands";"9.1";"Butin";"Moyen";"Korthia | Réliwik le Provocateur";"1";"Korthia";"Ombreterre";"13570";"shadowlands";"Candidate unique - ? confirmer";"https://www.mamytwink.com/montures/rasaile-grenat";"https://www.wowhead.com/fr/item=186652";"";"";""
"1450";"Rasaile jaillissante";"shadowlands";"9.1";"Réputation";"Facile";"Korthia | Codex des archivistes | Roh-Suir";"1";"Korthia";"Ombreterre";"13570";"shadowlands";"Candidate unique - ? confirmer";"https://www.mamytwink.com/montures/rasaile-jaillissante";"https://www.wowhead.com/fr/item=186648";"";"";""
"1449";"Seigneur des mouches nécrophages";"shadowlands";"9.1";"Butin";"Moyen";"Korthia | Ptérocarne | Nécro-Seigneurs";"1";"Korthia";"Ombreterre";"13570";"shadowlands";"Candidate unique - ? confirmer";"https://www.mamytwink.com/montures/seigneur-des-mouches-necrophages";"https://www.wowhead.com/fr/item=186489";"";"";""
"1507";"Sombres-griffes";"shadowlands";"9.1";"Butin";"Facile";"Korthia | délicieux champignantres";"1";"Korthia";"Ombreterre";"13570";"shadowlands";"Candidate unique - ? confirmer";"https://www.mamytwink.com/montures/sombres-griffes";"https://www.wowhead.com/fr/item=186646";"";"";""
"803";"Tombaile ouvragée";"shadowlands";"9.1";"Butin";"Moyen";"Korthia | Koulour | Brisepierre stygien | Venthyrs";"1";"Korthia";"Ombreterre";"13570";"shadowlands";"Candidate unique - ? confirmer";"https://www.mamytwink.com/montures/tombaile-ouvragee";"https://www.wowhead.com/fr/item=186479";"";"";""
"1491";"Tombaile pâle";"shadowlands";"9.1";"Vendeur";"Moyen";"Korthia | Venthyrs | Avancée de la mort";"1";"Korthia";"Ombreterre";"13570";"shadowlands";"Candidate unique - ? confirmer";"https://www.mamytwink.com/montures/tombaile-pale";"https://www.wowhead.com/fr/item=186477";"";"";""
"1310";"Aile de l’effroi horrible";"shadowlands";"9.0";"Congrégation";"Moyen";"Revendreth | Venthyrs | Harika l'Horrible | Anima du réservoir";"1";"Revendreth";"Ombreterre";"10413";"shadowlands";"Candidate unique - ? confirmer";"https://www.mamytwink.com/montures/aile-de-leffroi-horrible";"https://www.wowhead.com/fr/item=180461";"";"";""
"1298";"Gargon Brise-Espoir";"shadowlands";"9.0";"Congrégation";"Moyen";"Revendreth | Venthyrs";"1";"Revendreth";"Ombreterre";"10413";"shadowlands";"Candidate unique - ? confirmer";"https://www.mamytwink.com/montures/gargon-brise-espoir";"https://www.wowhead.com/fr/item=180581";"";"";""
"1384";"Gargon de Tombe-Vice";"shadowlands";"9.0";"Congrégation";"Facile";"Revendreth | Venthyrs | Renom | Anima du réservoir";"1";"Revendreth";"Ombreterre";"10413";"shadowlands";"Candidate unique - ? confirmer";"https://www.mamytwink.com/montures/gargon-de-tombe-vice";"https://www.wowhead.com/fr/item=183715";"";"";""
"1391";"Goinfre loyal";"shadowlands";"9.0";"Butin";"Facile";"Revendreth | Un nouveau compagnon | Goinfre bordemonde | Apparition de goinfre influençable | Anima captivant";"1";"Revendreth";"Ombreterre";"10413";"shadowlands";"Candidate unique - ? confirmer";"https://www.mamytwink.com/montures/goinfre-loyal";"https://www.wowhead.com/fr/item=182589";"";"";""
"1489";"Tombaile d’obsidienne";"shadowlands";"9.1";"Congrégation";"Facile";"Revendreth | Venthyrs | Renom";"1";"Revendreth";"Ombreterre";"10413";"shadowlands";"Candidate unique - ? confirmer";"https://www.mamytwink.com/montures/tombaile-dobsidienne";"https://www.wowhead.com/fr/item=186478";"";"";""
"1490";"Tombaile de Tombe-Vice";"shadowlands";"9.1";"Congrégation";"Facile";"Revendreth | Venthyrs | Renom";"1";"Revendreth";"Ombreterre";"10413";"shadowlands";"Candidate unique - ? confirmer";"https://www.mamytwink.com/montures/tombaile-de-tombe-vice";"https://www.wowhead.com/fr/item=186476";"";"";""
"1354";"Cerf runique sombrefeuille";"shadowlands";"9.0";"Congrégation";"Facile";"Sylvarden | Faë nocturnes | Renom | Anima du réservoir";"1";"Sylvarden";"Ombreterre";"11510";"shadowlands";"Candidate unique - ? confirmer";"https://www.mamytwink.com/montures/cerf-runique-sombrefeuille";"https://www.wowhead.com/fr/item=180413";"";"";""
"1357";"Cerf runique sombrefeuille enchanté";"shadowlands";"9.0";"Congrégation";"Facile";"Sylvarden | Faë nocturnes | Renom";"1";"Sylvarden";"Ombreterre";"11510";"shadowlands";"Candidate unique - ? confirmer";"https://www.mamytwink.com/montures/cerf-runique-sombrefeuille-enchante";"https://www.wowhead.com/fr/item=180722";"";"";""
"1397";"Cocon à graine sauvage";"shadowlands";"9.0";"Butin";"Facile";"Sylvarden | Jardin de la Nuit | Cache de la Lune | Outils de jardinage d'Astraphane";"1";"Sylvarden";"Ombreterre";"11510";"shadowlands";"Candidate unique - ? confirmer";"https://www.mamytwink.com/montures/cocon-a-graine-sauvage";"https://www.wowhead.com/fr/item=180731";"";"";""
"1360";"Coureur halo-de-brume";"shadowlands";"9.0";"Butin";"Facile";"Sylvarden | Maquis Voile-de-Brume | Conte du maquis";"1";"Sylvarden";"Ombreterre";"11510";"shadowlands";"Candidate unique - ? confirmer";"https://www.mamytwink.com/montures/coureur-halo-de-brume";"https://www.wowhead.com/fr/item=180727";"";"";""
"1415";"Gobeur arboricole";"shadowlands";"9.0";"Butin";"Facile";"Sylvarden | Gargan'tuzz | Champignon anormalement grand";"1";"Sylvarden";"Ombreterre";"11510";"shadowlands";"Candidate unique - ? confirmer";"https://www.mamytwink.com/montures/gobeur-arboricole";"https://www.wowhead.com/fr/item=182650";"";"";""
"1485";"Lycodrac automnal";"shadowlands";"9.1";"Congrégation";"Facile";"Sylvarden | Faë nocturnes | Renom";"1";"Sylvarden";"Ombreterre";"11510";"shadowlands";"Candidate unique - ? confirmer";"https://www.mamytwink.com/montures/lycodrac-automnal";"https://www.wowhead.com/fr/item=186494";"";"";""
"1484";"Lycodrac de Sylvarden";"shadowlands";"9.1";"Congrégation";"Facile";"Sylvarden | Faë nocturnes | Renom";"1";"Sylvarden";"Ombreterre";"11510";"shadowlands";"Candidate unique - ? confirmer";"https://www.mamytwink.com/montures/harnais-de-lycodrac-de-sylvarden";"https://www.wowhead.com/fr/item=186493";"";"";""
"1362";"Mâche-prairie gueule-épine";"shadowlands";"9.0";"Butin";"Facile";"Sylvarden | Dompteur de gorms Tizo";"1";"Sylvarden";"Ombreterre";"11510";"shadowlands";"Candidate unique - ? confirmer";"https://www.mamytwink.com/montures/mache-prairie-gueule-epine";"https://www.wowhead.com/fr/item=180725";"";"";""
"1428";"Phalarden ambré";"shadowlands";"9.0";"Réputation";"Moyen";"Sylvarden | Réputation parangon | Fournitures de l'Hallali";"1";"Sylvarden";"Ombreterre";"11510";"shadowlands";"Candidate unique - ? confirmer";"https://www.mamytwink.com/montures/phalarden-ambre";"https://www.wowhead.com/fr/item=183800";"";"";""
"1361";"Phalarden bruissenuit";"shadowlands";"9.0";"Réputation";"Facile";"L'Hallali | Exalté | Sylvarden";"1";"Sylvarden";"Ombreterre";"11510";"shadowlands";"Candidate unique - ? confirmer";"https://www.mamytwink.com/montures/phalarden-bruissenuit";"https://www.wowhead.com/fr/item=180729";"";"";""
"1332";"Phaluisant soyeux";"shadowlands";"9.0";"Vendeur";"Facile";"Sylvarden | Amphithéâtre du Lac étoilé | Sylvarden en scène | Anima du réservoir";"1";"Sylvarden";"Ombreterre";"11510";"shadowlands";"Candidate unique - ? confirmer";"https://www.mamytwink.com/montures/phaluisant-soyeux";"https://www.wowhead.com/fr/item=180748";"";"";""
"1393";"Rôdeur mantelume sauvage";"shadowlands";"9.0";"Congrégation";"Moyen";"Sylvarden | Faë nocturnes | Valfir le Tenace | Anima du réservoir";"1";"Sylvarden";"Ombreterre";"11510";"shadowlands";"Candidate unique - ? confirmer";"https://www.mamytwink.com/montures/rodeur-mantelume-sauvage";"https://www.wowhead.com/fr/item=180730";"";"";""
"1306";"Sabot-sinistre rapide";"shadowlands";"9.0";"Secret";"Facile";"Sylvarden | Jument nocturne | Attrape-rêves";"1";"Sylvarden";"Ombreterre";"11510";"shadowlands";"Candidate unique - ? confirmer";"https://www.mamytwink.com/montures/sabot-sinistre-rapide";"https://www.wowhead.com/fr/item=180728";"";"";""
"1534";"Apix";"shadowlands";"9.2";"Butin";"Facile";"Synthèse de protoforme | Zereth Mortis";"1";"Zereth Mortis";"Ombreterre";"13536";"shadowlands";"Candidate unique - ? confirmer";"https://www.mamytwink.com/montures/apix";"https://www.wowhead.com/fr/item=187665";"";"";""
"1551";"Aurélidé cryptique";"shadowlands";"9.2";"Haut-fait";"Facile";"De A à Zereth | Zereth Mortis";"1";"Zereth Mortis";"Ombreterre";"13536";"shadowlands";"Candidate unique - ? confirmer";"https://www.mamytwink.com/montures/aurelide-cryptique";"https://www.wowhead.com/fr/item=187673";"";"";""
"1571";"Bufonidé brun-roux";"shadowlands";"9.2";"Butin";"Facile";"Synthèse de protoforme | Zereth Mortis";"1";"Zereth Mortis";"Ombreterre";"13536";"shadowlands";"Candidate unique - ? confirmer";"https://www.mamytwink.com/montures/bufonide-brun-roux";"https://www.wowhead.com/fr/item=188810";"";"";""
"1569";"Bufonidé patient";"shadowlands";"9.2";"Quête";"Facile";"Zereth Mortis | Avna | le Refuge";"1";"Zereth Mortis";"Ombreterre";"13536";"shadowlands";"Candidate unique - ? confirmer";"https://www.mamytwink.com/montures/bufonide-patient";"https://www.wowhead.com/fr/item=188808";"";"";""
"1547";"Bufonidé plaque-d’or";"shadowlands";"9.2";"Butin";"Facile";"Synthèse de protoforme | Zereth Mortis";"1";"Zereth Mortis";"Ombreterre";"13536";"shadowlands";"Candidate unique - ? confirmer";"https://www.mamytwink.com/montures/bufonide-plaque-dor";"https://www.wowhead.com/fr/item=187683";"";"";""
"1431";"Cervidé régalien pâle";"shadowlands";"9.2";"Butin";"Facile";"Synthèse de protoforme | Zereth Mortis";"1";"Zereth Mortis";"Ombreterre";"13536";"shadowlands";"Candidate unique - ? confirmer";"https://www.mamytwink.com/montures/cervide-regalien-pale";"https://www.wowhead.com/fr/item=187639";"";"";""
"1430";"Chasseur aile-du-désert";"shadowlands";"9.2";"Butin";"Facile";"Synthèse de protoforme | Zereth Mortis";"1";"Zereth Mortis";"Ombreterre";"13536";"shadowlands";"Candidate unique - ? confirmer";"https://www.mamytwink.com/montures/chasseur-aile-du-desert";"https://www.wowhead.com/fr/item=187666";"";"";""
"1541";"Clampant de la Genèse";"shadowlands";"9.2";"Butin";"Facile";"Synthèse de protoforme | Zereth Mortis";"1";"Zereth Mortis";"Ombreterre";"13536";"shadowlands";"Candidate unique - ? confirmer";"https://www.mamytwink.com/montures/clampant-de-la-genese";"https://www.wowhead.com/fr/item=187677";"";"";""
"1526";"Coursemort";"shadowlands";"9.2";"Butin";"Facile";"Synthèse de protoforme | Zereth Mortis";"1";"Zereth Mortis";"Ombreterre";"13536";"shadowlands";"Candidate unique - ? confirmer";"https://www.mamytwink.com/montures/coursemort";"https://www.wowhead.com/fr/item=187638";"";"";""
"1528";"Destrier de Zereth scindé";"vanilla";"à définir";"Métier";"Facile";"Synthèse de protoforme | Zereth Mortis";"1";"Zereth Mortis";"Ombreterre";"13536";"shadowlands";"Candidate unique - ? confirmer";"https://www.mamytwink.com/montures/renes-du-destrier-de-zereth-scinde";"https://www.wowhead.com/fr/item=187641";"";"";""
"1523";"Flaire-cristaux curieux";"shadowlands";"9.2";"Butin";"Facile";"Synthèse de protoforme | Zereth Mortis";"1";"Zereth Mortis";"Ombreterre";"13536";"shadowlands";"Candidate unique - ? confirmer";"https://www.mamytwink.com/montures/flaire-cristaux-curieux";"https://www.wowhead.com/fr/item=187630";"";"";""
"1543";"Glisseuse ineffable";"shadowlands";"9.2";"Butin";"Facile";"Synthèse de protoforme | Zereth Mortis";"1";"Zereth Mortis";"Ombreterre";"13536";"shadowlands";"Candidate unique - ? confirmer";"https://www.mamytwink.com/montures/glisseuse-ineffable";"https://www.wowhead.com/fr/item=187679";"";"";""
"1538";"Hélicidé de bronze";"shadowlands";"9.2";"Butin";"Facile";"Synthèse de protoforme | Zereth Mortis";"1";"Zereth Mortis";"Ombreterre";"13536";"shadowlands";"Candidate unique - ? confirmer";"https://www.mamytwink.com/montures/helicide-de-bronze";"https://www.wowhead.com/fr/item=187670";"";"";""
"1540";"Hélicidé écarlate";"shadowlands";"9.2";"Butin";"Facile";"Synthèse de protoforme | Zereth Mortis";"1";"Zereth Mortis";"Ombreterre";"13536";"shadowlands";"Candidate unique - ? confirmer";"https://www.mamytwink.com/montures/helicide-ecarlate";"https://www.wowhead.com/fr/item=187672";"";"";""
"1580";"Lupin féal";"shadowlands";"9.2";"Butin";"Facile";"Synthèse de protoforme | Zereth Mortis";"1";"Zereth Mortis";"Ombreterre";"13536";"shadowlands";"Candidate unique - ? confirmer";"https://www.mamytwink.com/montures/lupin-feal";"https://www.wowhead.com/fr/item=190580";"";"";""
"1533";"Morgoptère forgé";"shadowlands";"9.2";"Butin";"Facile";"Synthèse de protoforme | Zereth Mortis";"1";"Zereth Mortis";"Ombreterre";"13536";"shadowlands";"Candidate unique - ? confirmer";"https://www.mamytwink.com/montures/morgoptere-forge";"https://www.wowhead.com/fr/item=187664";"";"";""
"1529";"Proto-cerf oint";"shadowlands";"9.2";"Réputation";"Facile";"Les Éclairés | Zereth Mortis";"1";"Zereth Mortis";"Ombreterre";"13536";"shadowlands";"Candidate unique - ? confirmer";"https://www.mamytwink.com/montures/renes-de-proto-cerf-oint";"https://www.wowhead.com/fr/item=187640";"";"";""
"1570";"Prototype de bondisseur";"shadowlands";"9.2";"Butin";"Facile";"Synthèse de protoforme | Zereth Mortis";"1";"Zereth Mortis";"Ombreterre";"13536";"shadowlands";"Candidate unique - ? confirmer";"https://www.mamytwink.com/montures/prototype-de-bondisseur";"https://www.wowhead.com/fr/item=188809";"";"";""
"1539";"Prototype de lestopode raté";"shadowlands";"9.2";"Butin";"Facile";"Synthèse de protoforme | Zereth Mortis";"1";"Zereth Mortis";"Ombreterre";"13536";"shadowlands";"Candidate unique - ? confirmer";"https://www.mamytwink.com/montures/prototype-de-lestopode-rate";"https://www.wowhead.com/fr/item=187671";"";"";""
"1542";"Rampant tarachnidé";"shadowlands";"9.2";"Butin";"Facile";"Synthèse de protoforme | Zereth Mortis";"1";"Zereth Mortis";"Ombreterre";"13536";"shadowlands";"Candidate unique - ? confirmer";"https://www.mamytwink.com/montures/rampant-tarachnide";"https://www.wowhead.com/fr/item=187678";"";"";""
"1536";"Raptora antradapté";"shadowlands";"9.2";"Butin";"Facile";"Synthèse de protoforme | Zereth Mortis";"1";"Zereth Mortis";"Ombreterre";"13536";"shadowlands";"Candidate unique - ? confirmer";"https://www.mamytwink.com/montures/raptora-antradapte";"https://www.wowhead.com/fr/item=187667";"";"";""
"1537";"Raptora planeur";"shadowlands";"9.2";"Butin";"Facile";"Synthèse de protoforme | Zereth Mortis";"1";"Zereth Mortis";"Ombreterre";"13536";"shadowlands";"Candidate unique - ? confirmer";"https://www.mamytwink.com/montures/raptora-planeur";"https://www.wowhead.com/fr/item=187668";"";"";""
"1448";"Sérénade";"shadowlands";"9.2";"Butin";"Facile";"Synthèse de protoforme | Zereth Mortis";"1";"Zereth Mortis";"Ombreterre";"13536";"shadowlands";"Candidate unique - ? confirmer";"https://www.mamytwink.com/montures/serenade";"https://www.wowhead.com/fr/item=187669";"";"";""
"1535";"Vespoïdé ailes-de-bronze";"shadowlands";"9.2";"Butin";"Facile";"Synthèse de protoforme | Zereth Mortis";"1";"Zereth Mortis";"Ombreterre";"13536";"shadowlands";"Candidate unique - ? confirmer";"https://www.mamytwink.com/montures/vespoide-ailes-de-bronze";"https://www.wowhead.com/fr/item=187663";"";"";""
"1433";"Virevolteuse vespoïdée";"shadowlands";"9.2";"Butin";"Facile";"Synthèse de protoforme | Zereth Mortis";"1";"Zereth Mortis";"Ombreterre";"13536";"shadowlands";"Candidate unique - ? confirmer";"https://www.mamytwink.com/montures/virevolteuse-vespoidee";"https://www.wowhead.com/fr/item=187660";"";"";""
"1524";"Vombata assombri";"shadowlands";"9.2";"Butin";"Facile";"Synthèse de protoforme | Zereth Mortis";"1";"Zereth Mortis";"Ombreterre";"13536";"shadowlands";"Candidate unique - ? confirmer";"https://www.mamytwink.com/montures/vombata-assombri";"https://www.wowhead.com/fr/item=187631";"";"";""
"1525";"Vombata décoré";"shadowlands";"9.2";"Butin";"Facile";"Synthèse de protoforme | Zereth Mortis";"1";"Zereth Mortis";"Ombreterre";"13536";"shadowlands";"Candidate unique - ? confirmer";"https://www.mamytwink.com/montures/vombata-decore";"https://www.wowhead.com/fr/item=187632";"";"";""
"1437";"Chien de guerre lié par le combat";"shadowlands";"9.0";"Butin";"Moyen";"Maldraxxus | Théâtre de la Souffrance";"2";"Maldraxxus";"Ombreterre | Royaumes de l’Est";"11462 | 13178";"shadowlands";"Plusieurs candidates - choix manuel";"https://www.mamytwink.com/montures/renes-de-chien-de-guerre-lie-par-le-combat";"https://www.wowhead.com/fr/item=184062";"";"";""
"1372";"Défenses-de-sang cloquéchine";"shadowlands";"9.0";"Butin";"Moyen";"Maldraxxus | Porteguerre Mal'korak";"2";"Maldraxxus";"Ombreterre | Royaumes de l’Est";"11462 | 13178";"shadowlands";"Plusieurs candidates - choix manuel";"https://www.mamytwink.com/montures/defenses-de-sang-cloquechine";"https://www.wowhead.com/fr/item=182085";"";"";""
"1375";"Défenses-de-sang macabre";"shadowlands";"9.0";"Réputation";"Facile";"Armée immortelle | Exalté | Maldraxxus";"2";"Maldraxxus";"Ombreterre | Royaumes de l’Est";"11462 | 13178";"shadowlands";"Plusieurs candidates - choix manuel";"https://www.mamytwink.com/montures/defenses-de-sang-macabre";"https://www.wowhead.com/fr/item=182082";"";"";""
"1350";"Fauche-griffe colossal";"shadowlands";"9.0";"Réputation";"Moyen";"Maldraxxus | Réputation parangon | Fournitures de l'Armée immortelle";"2";"Maldraxxus";"Ombreterre | Royaumes de l’Est";"11462 | 13178";"shadowlands";"Plusieurs candidates - choix manuel";"https://www.mamytwink.com/montures/renes-du-fauche-griffe-colossal";"https://www.wowhead.com/fr/item=182081";"";"";""
"1495";"Mouche nécrophage maldraxxi";"shadowlands";"9.1";"Congrégation";"Facile";"Maldraxxus | Nécro-seigneurs | Renom";"2";"Maldraxxus";"Ombreterre | Royaumes de l’Est";"11462 | 13178";"shadowlands";"Plusieurs candidates - choix manuel";"https://www.mamytwink.com/montures/harnais-de-mouche-necrophage-maldraxxi";"https://www.wowhead.com/fr/item=186487";"";"";""
"1496";"Mouche nécrophage royale";"shadowlands";"9.1";"Congrégation";"Facile";"Maldraxxus | Nécro-seigneurs | Renom";"2";"Maldraxxus";"Ombreterre | Royaumes de l’Est";"11462 | 13178";"shadowlands";"Plusieurs candidates - choix manuel";"https://www.mamytwink.com/montures/harnais-de-mouche-necrophage-royale";"https://www.wowhead.com/fr/item=186488";"";"";""
"1411";"Pesteroc prédateur";"shadowlands";"9.0";"Congrégation";"Moyen";"Maldraxxus | Nécro-seigneurs | Gieger";"2";"Maldraxxus";"Ombreterre | Royaumes de l’Est";"11462 | 13178";"shadowlands";"Plusieurs candidates - choix manuel";"https://www.mamytwink.com/montures/pesteroc-predateur";"https://www.wowhead.com/fr/item=182080";"";"";""
"1445";"Serpent visqueux";"shadowlands";"9.0";"Secret";"Moyen";"Malpeste | Maldraxxus";"2";"Maldraxxus";"Ombreterre | Royaumes de l’Est";"11462 | 13178";"shadowlands";"Plusieurs candidates - choix manuel";"https://www.mamytwink.com/montures/serpent-visqueux";"https://www.wowhead.com/fr/mount/1445";"";"";""
"1368";"Tauralus cuirassé dressé au combat";"shadowlands";"9.0";"Quête";"Facile";"Maldraxxus | Nécro-seigneurs | Assaut de la maison des Rituels";"2";"Maldraxxus";"Ombreterre | Royaumes de l’Est";"11462 | 13178";"shadowlands";"Plusieurs candidates - choix manuel";"https://www.mamytwink.com/montures/tauralus-cuirasse-dresse-au-combat";"https://www.wowhead.com/fr/item=181822";"";"";""
"1365";"Tauralus peste-putride";"shadowlands";"9.0";"Congrégation";"Facile";"Maldraxxus | Nécro-seigneurs | Renom | Anima du réservoir";"2";"Maldraxxus";"Ombreterre | Royaumes de l’Est";"11462 | 13178";"shadowlands";"Plusieurs candidates - choix manuel";"https://www.mamytwink.com/montures/tauralus-peste-putride";"https://www.wowhead.com/fr/item=182076";"";"";""
"1369";"Tauralus peste-putride cuirassé";"shadowlands";"9.0";"Congrégation";"Facile";"Maldraxxus | Nécro-seigneurs | Renom";"2";"Maldraxxus";"Ombreterre | Royaumes de l’Est";"11462 | 13178";"shadowlands";"Plusieurs candidates - choix manuel";"https://www.mamytwink.com/montures/tauralus-peste-putride-cuirasse";"https://www.wowhead.com/fr/item=181821";"";"";""
"1366";"Tauralus sabot-d’os";"shadowlands";"9.0";"Congrégation";"Moyen";"Maldraxxus | Nécro-seigneurs | Tahonta | Renom";"2";"Maldraxxus";"Ombreterre | Royaumes de l’Est";"11462 | 13178";"shadowlands";"Plusieurs candidates - choix manuel";"https://www.mamytwink.com/montures/tauralus-sabot-dos";"https://www.wowhead.com/fr/item=182075";"";"";""
"1370";"Tauralus sabot-d’os cuirassé";"shadowlands";"9.0";"Congrégation";"Moyen";"Maldraxxus | Nécro-seigneurs | Sabrielle l’Ostéoclaste | Anima du réservoir";"2";"Maldraxxus";"Ombreterre | Royaumes de l’Est";"11462 | 13178";"shadowlands";"Plusieurs candidates - choix manuel";"https://www.mamytwink.com/montures/tauralus-sabot-dos-cuirasse";"https://www.wowhead.com/fr/item=181815";"";"";""
"1373";"Tripépine";"shadowlands";"9.0";"Butin";"Moyen";"Maldraxxus | Nerissa Sans-Coeur";"2";"Maldraxxus";"Ombreterre | Royaumes de l’Est";"11462 | 13178";"shadowlands";"Plusieurs candidates - choix manuel";"https://www.mamytwink.com/montures/tripepine";"https://www.wowhead.com/fr/item=182084";"";"";""
"475";"Serpent-nuage céleste doré";"mop";"à définir";"Réputation";"Difficile";"Serpent-nuage doré | île du Temps figé";"1";"Île du Temps figé";"Pandarie";"6757";"mists-of-pandaria";"Candidate unique - ? confirmer";"https://www.mamytwink.com/montures/renes-de-serpent-nuage-celeste-dore";"https://www.wowhead.com/fr/item=87774";"";"";""
"542";"Serpent-nuage de cobalt fulminant";"mop";"5.2";"Butin";"Difficile";"Nalak | Île du Tonnerre | World Boss";"3";"Île du Tonnerre";"Pandarie";"6507 | 6675 | 6677";"mists-of-pandaria";"Plusieurs candidates - choix manuel";"https://www.mamytwink.com/montures/renes-de-serpent-nuage-de-cobalt-fulminant";"https://www.wowhead.com/fr/item=95057";"";"";""
"1297";"Couvée de Ha Li";"bfa";"8.3";"Butin";"Moyen";"Val de l'Éternel printemps | Assauts de N'Zoth";"2";"Val de l’Éternel printemps";"Pandarie";"5840 | 6733";"mists-of-pandaria";"Plusieurs candidates - choix manuel";"https://www.mamytwink.com/montures/couvee-de-ha-li";"https://www.wowhead.com/fr/item=173887";"";"";""
"1327";"Fidèle quilen de Ren";"bfa";"8.3";"Butin";"Moyen";"Grand-veneur Ren | Val de l'Éternel printemps | Assauts de N'Zoth";"2";"Val de l’Éternel printemps";"Pandarie";"5840 | 6733";"mists-of-pandaria";"Plusieurs candidates - choix manuel";"https://www.mamytwink.com/montures/fidele-quilen-de-ren";"https://www.wowhead.com/fr/item=174841";"";"";""
"2143";"Serpent d’empereur astral";"dragonflight";"10.2.7";"Haut-fait";"Facile";"Mists of Pandaria Remix | Val de l'Éternel printemps | Cours du temps : Pandamonium";"2";"Val de l’Éternel printemps";"Pandarie";"5840 | 6733";"mists-of-pandaria";"Plusieurs candidates - choix manuel";"https://www.mamytwink.com/montures/renes-de-serpent-dempereur-astral";"https://www.wowhead.com/fr/mount/2143";"";"";""
"1313";"Serpent de guerre rajani";"bfa";"8.3";"Butin";"Moyen";"Rei Lun | Val de l'Éternel printemps | Écaille de serpent-nuage en parfait état | Assauts de N'Zoth";"2";"Val de l’Éternel printemps";"Pandarie";"5840 | 6733";"mists-of-pandaria";"Plusieurs candidates - choix manuel";"https://www.mamytwink.com/montures/serpent-de-guerre-rajani";"https://www.wowhead.com/fr/item=174649";"";"";""
"1311";"Serpent-nuage ivoire";"bfa";"8.3";"Butin";"Moyen";"Val de l'Éternel printemps | Lasso zan-tien | Assauts de N'Zoth";"2";"Val de l’Éternel printemps";"Pandarie";"5840 | 6733";"mists-of-pandaria";"Plusieurs candidates - choix manuel";"https://www.mamytwink.com/montures/serpent-nuage-ivoire";"https://www.wowhead.com/fr/item=174752";"";"";""
"1328";"Xinlao";"bfa";"8.3";"Butin";"Moyen";"Anh De le Loyal | Val de l'Éternel printemps | Assauts de N'Zoth";"2";"Val de l’Éternel printemps";"Pandarie";"5840 | 6733";"mists-of-pandaria";"Plusieurs candidates - choix manuel";"https://www.mamytwink.com/montures/xinlao";"https://www.wowhead.com/fr/item=174840";"";"";""
"2161";"Ancienne mite luisante";"midnight";"12.0";"Vendeur";"Facile";"Garde-phalène Wew'tam | Harandar | Poussière lumineuse";"1";"Harandar";"Quel’Thalas";"15355";"midnight";"Candidate unique - ? confirmer";"https://www.mamytwink.com/montures/ancienne-mite-luisante";"https://www.wowhead.com/fr/item=222988";"";"";""
"2614";"Chagrynx féroce";"midnight";"12.0";"Réputation";"Facile";"Naynar | Harandar | Hara'ti | Renom | Marne de Lumière du Vide";"1";"Harandar";"Quel’Thalas";"15355";"midnight";"Candidate unique - ? confirmer";"https://www.mamytwink.com/montures/chagrynx-feroce";"https://www.wowhead.com/fr/item=246734";"";"";""
"2615";"Chagrynx traqueracine";"midnight";"12.0";"Butin";"Facile";"Créatures rares | Harandar";"1";"Harandar";"Quel’Thalas";"15355";"midnight";"Candidate unique - ? confirmer";"https://www.mamytwink.com/montures/chagrynx-traqueracine";"https://www.wowhead.com/fr/item=246735";"";"";""
"2913";"Chlorocéros vif";"midnight";"12.0";"Vendeur";"Facile";"Garde-phalène Wew'tam | Harandar | Poussière lumineuse";"1";"Harandar";"Quel’Thalas";"15355";"midnight";"Candidate unique - ? confirmer";"https://www.mamytwink.com/montures/chloroceros-vif";"https://www.wowhead.com/fr/item=263580";"";"";""
"2749";"Écho d’Aln’sharan";"midnight";"12.0";"Vendeur";"Facile";"Aln'sharan | Harandar";"1";"Harandar";"Quel’Thalas";"15355";"midnight";"Candidate unique - ? confirmer";"https://www.mamytwink.com/montures/echo-dalnsharan";"https://www.wowhead.com/fr/item=256424";"";"";""
"2708";"Folibri éclatant";"midnight";"12.0";"Butin";"Facile";"Créatures rares | Harandar";"1";"Harandar";"Quel’Thalas";"15355";"midnight";"Candidate unique - ? confirmer";"https://www.mamytwink.com/montures/folibri-eclatant";"https://www.wowhead.com/fr/item=252012";"";"";""
"2710";"Glissespore céruléen";"midnight";"12.0";"Réputation";"Facile";"Naynar | Harandar | Hara'ti | Renom | Marne de Lumière du Vide";"1";"Harandar";"Quel’Thalas";"15355";"midnight";"Candidate unique - ? confirmer";"https://www.mamytwink.com/montures/glissespore-ceruleen";"https://www.wowhead.com/fr/item=252014";"";"";""
"2713";"Glissespore rougeâtre";"midnight";"12.0";"Butin";"Facile";"Chaudron singulier | Harandar | Fragment de résine cristallisée";"1";"Harandar";"Quel’Thalas";"15355";"midnight";"Candidate unique - ? confirmer";"https://www.mamytwink.com/montures/glissespore-rougeatre";"https://www.wowhead.com/fr/item=252017";"";"";""
"2747";"Rampant du bosquet non corrompu";"midnight";"12.0";"Butin";"Facile";"Cache native des spores | Harandar";"1";"Harandar";"Quel’Thalas";"15355";"midnight";"Candidate unique - ? confirmer";"https://www.mamytwink.com/montures/rampant-du-bosquet-non-corrompu";"https://www.wowhead.com/fr/item=256423";"";"";""
"2792";"Griffentaille frénétique";"midnight";"12.0";"Réputation";"Facile";"Thraxadar | Perchoir des Maîtres | Duellum meurtrier | Marne de Lumière du Vide";"1";"Perchoir des Maîtres";"Quel’Thalas";"15958";"midnight";"Candidate unique - ? confirmer";"https://www.mamytwink.com/montures/griffentaille-frenetique";"https://www.wowhead.com/fr/item=257448";"";"";""
"2791";"Griffentaille rôdeur";"midnight";"12.0";"Réputation";"Facile";"Thraxadar | Perchoir des Maîtres | Duellum meurtrier | Marne de Lumière du Vide";"1";"Perchoir des Maîtres";"Quel’Thalas";"15958";"midnight";"Candidate unique - ? confirmer";"https://www.mamytwink.com/montures/griffentaille-rodeur";"https://www.wowhead.com/fr/item=257447";"";"";""
"2764";"Persécuteur brutobscure";"midnight";"12.0";"Butin";"Facile";"Trésor du Duellum meutrier | Perchoir des Maîtres | Parangon";"1";"Perchoir des Maîtres";"Quel’Thalas";"15958";"midnight";"Candidate unique - ? confirmer";"https://www.mamytwink.com/montures/persecuteur-brutobscure";"https://www.wowhead.com/fr/item=257176";"";"";""
"2767";"Défenseur de Fulgarion maîtrisé";"midnight";"12.0";"Butin";"Facile";"Cache de victoire de Fulgarion | Tempête du Vide";"2";"Tempête du Vide";"Quel’Thalas";"15458 | 16648";"midnight";"Plusieurs candidates - choix manuel";"https://www.mamytwink.com/montures/renes-du-defenseur-de-fulgarion-maitrise";"https://www.wowhead.com/fr/item=257180";"";"";""
"16";"Drake balayé par le Vide";"midnight";"12.0";"Métier";"Facile";"Pêche | Tempête du Vide | Vortex océanique";"2";"Tempête du Vide";"Quel’Thalas";"15458 | 16648";"midnight";"Plusieurs candidates - choix manuel";"https://www.mamytwink.com/montures/drake-balaye-par-le-vide";"https://www.wowhead.com/fr/item=260916";"";"";""
"2790";"Griffentaille insatiable";"midnight";"12.0";"Butin";"Facile";"Ultime couvée de Prédaxas | Tempête du Vide";"2";"Tempête du Vide";"Quel’Thalas";"15458 | 16648";"midnight";"Plusieurs candidates - choix manuel";"https://www.mamytwink.com/montures/griffentaille-insatiable";"https://www.wowhead.com/fr/item=257446";"";"";""
"2827";"Persécuteur sanguin";"midnight";"12.0";"Butin";"Facile";"Créatures rares | Tempête du Vide";"2";"Tempête du Vide";"Quel’Thalas";"15458 | 16648";"midnight";"Plusieurs candidates - choix manuel";"https://www.mamytwink.com/montures/persecuteur-sanguin";"https://www.wowhead.com/fr/item=260635";"";"";""
"2751";"Raie-tempête renforcée";"midnight";"12.0";"Butin";"Facile";"Créatures rares | Tempête du Vide";"2";"Tempête du Vide";"Quel’Thalas";"15458 | 16648";"midnight";"Plusieurs candidates - choix manuel";"https://www.mamytwink.com/montures/raie-tempete-renforcee";"https://www.wowhead.com/fr/item=257085";"";"";""
"2786";"Aigle pluminfâme maléficié";"midnight";"12.0";"Butin";"Facile";"Crâne rituel abandonné | Zul'Aman";"1";"Zul’Aman";"Quel’Thalas";"15947";"midnight";"Candidate unique - ? confirmer";"https://www.mamytwink.com/montures/aigle-pluminfame-maleficie";"https://www.wowhead.com/fr/item=257444";"";"";""
"2694";"Mandevent amani";"midnight";"12.0";"Réputation";"Facile";"Magovu | Zul'Aman | Marne de Lumière du Vide | Tribu des Amani";"1";"Zul’Aman";"Quel’Thalas";"15947";"midnight";"Candidate unique - ? confirmer";"https://www.mamytwink.com/montures/mandevent-amani";"https://www.wowhead.com/fr/item=250889";"";"";""
"2776";"Ours amani béni";"midnight";"12.0";"Réputation";"Facile";"Magovu | Zul'Aman | Marne de Lumière du Vide | Tribu des Amani";"1";"Zul’Aman";"Quel’Thalas";"15947";"midnight";"Candidate unique - ? confirmer";"https://www.mamytwink.com/montures/ours-amani-beni";"https://www.wowhead.com/fr/item=257219";"";"";""
"2778";"Ours de guerre ancestral";"midnight";"12.0";"Butin";"Facile";"Cache de combat glorieux | Zul'Aman";"1";"Zul’Aman";"Quel’Thalas";"15947";"midnight";"Candidate unique - ? confirmer";"https://www.mamytwink.com/montures/ours-de-guerre-ancestral";"https://www.wowhead.com/fr/item=257223";"";"";""
"2760";"Serre-tranchante amani";"midnight";"12.0";"Butin";"Facile";"Créatures rares | Zul'Aman";"1";"Zul’Aman";"Quel’Thalas";"15947";"midnight";"Candidate unique - ? confirmer";"https://www.mamytwink.com/montures/serre-tranchante-amani";"https://www.wowhead.com/fr/item=257152";"";"";""
"960";"Intercepteur d’Orgrimmar";"legion";"7.3";"Retiré";"Indisponible";"Billet virtuel | monture deux places | Blizzcon 2017";"1";"BlizzCon 2017";"Royaumes de l’Est";"9383";"battle-for-azeroth";"Candidate unique - ? confirmer";"https://www.mamytwink.com/montures/intercepteur-dorgrimmar";"https://www.wowhead.com/fr/item=151617";"";"";""
"959";"Traque-ciel de Hurlevent";"legion";"7.3";"Retiré";"Indisponible";"Billet virtuel | monture deux places | Blizzcon 2017";"1";"BlizzCon 2017";"Royaumes de l’Est";"9383";"battle-for-azeroth";"Candidate unique - ? confirmer";"https://www.mamytwink.com/montures/traque-ciel-de-hurlevent";"https://www.wowhead.com/fr/item=151618";"";"";""
"1183";"Arrache-Crâne";"bfa";"8.0";"Butin";"Moyen";"Hautes-terres Arathies";"3";"Hautes-terres Arathies";"Royaumes de l’Est";"45 | 9168 | 14357";"vanilla | battle-for-azeroth | dragonflight";"Plusieurs candidates - choix manuel";"https://www.mamytwink.com/montures/arrache-crane";"https://www.wowhead.com/fr/item=163645";"";"";""
"1174";"Mustang des hautes-terres";"bfa";"8.0";"Butin";"Moyen";"Hautes-terres Arathies | Chevauche-malheur Sombrenfer";"3";"Hautes-terres Arathies";"Royaumes de l’Est";"45 | 9168 | 14357";"vanilla | battle-for-azeroth | dragonflight";"Plusieurs candidates - choix manuel";"https://www.mamytwink.com/montures/mustang-des-hautes-terres";"https://www.wowhead.com/fr/item=163579";"";"";""
"1173";"Mustang des hautes-terres dressé";"bfa";"8.0";"Butin";"Moyen";"Hautes-terres Arathies | Chevalier-capitaine Aldrin";"3";"Hautes-terres Arathies";"Royaumes de l’Est";"45 | 9168 | 14357";"vanilla | battle-for-azeroth | dragonflight";"Plusieurs candidates - choix manuel";"https://www.mamytwink.com/montures/mustang-des-hautes-terres-dresse";"https://www.wowhead.com/fr/item=163578";"";"";""
"1182";"P’tit âne";"bfa";"8.0";"Butin";"Moyen";"Hautes-terres Arathies | Surveillant Krix";"3";"Hautes-terres Arathies";"Royaumes de l’Est";"45 | 9168 | 14357";"vanilla | battle-for-azeroth | dragonflight";"Plusieurs candidates - choix manuel";"https://www.mamytwink.com/montures/ptit-ane";"https://www.wowhead.com/fr/item=163646";"";"";""
"1180";"Raptor albinos véloce";"bfa";"8.0";"Butin";"Moyen";"Hautes-terres Arathies | Chevaucheur de bêtes Kama";"3";"Hautes-terres Arathies";"Royaumes de l’Est";"45 | 9168 | 14357";"vanilla | battle-for-azeroth | dragonflight";"Plusieurs candidates - choix manuel";"https://www.mamytwink.com/montures/raptor-albinos-veloce";"https://www.wowhead.com/fr/item=163644";"";"";""
"1185";"Redoutaile fanécorce";"bfa";"8.0";"Butin";"Moyen";"Hautes-terres Arathies | Nimar le Pourfendeur";"3";"Hautes-terres Arathies";"Royaumes de l’Est";"45 | 9168 | 14357";"vanilla | battle-for-azeroth | dragonflight";"Plusieurs candidates - choix manuel";"https://www.mamytwink.com/montures/redoutaile-fanecorce";"https://www.wowhead.com/fr/item=163706";"";"";""
"1053";"Crogg des tréfonds Putrides";"bfa";"8.0";"Butin";"Difficile";"Monstruosité déchaînée | Les tréfonds Putrides";"2";"Les tréfonds Putrides";"Royaumes de l’Est";"8488 | 8525";"battle-for-azeroth";"Plusieurs candidates - choix manuel";"https://www.mamytwink.com/montures/harnais-de-crogg-des-trefonds-putrides";"https://www.wowhead.com/fr/item=160829";"";"";""
"2770";"Ire de la Traque";"midnight";"12.0";"Vendeur";"Facile";"Assemblage V'anore | Lune-d'Argent | Vestige d'angoisse | La Traque";"1";"Lune-d’Argent";"Royaumes de l’Est";"15969";"midnight";"Candidate unique - ? confirmer";"https://www.mamytwink.com/montures/ire-de-la-traque";"https://www.wowhead.com/fr/item=257192";"";"";""
"2769";"Orgueil de la Traque";"midnight";"12.0";"Vendeur";"Facile";"Assemblage V'anore | Lune-d'Argent | Vestige d'angoisse | La Traque";"1";"Lune-d’Argent";"Royaumes de l’Est";"15969";"midnight";"Candidate unique - ? confirmer";"https://www.mamytwink.com/montures/orgueil-de-la-traque";"https://www.wowhead.com/fr/item=257191";"";"";""
"386";"Raptor fossilisé";"cataclysm";"à définir";"Archéologie";"Moyen";"Archéologie | Fragment archéologique fossile | Royaumes de l'Est | Kalimdor";"1";"Royaumes de l’Est";"Royaumes de l’Est";"9808";"battle-for-azeroth";"Candidate unique - ? confirmer";"https://www.mamytwink.com/montures/raptor-fossilise";"https://www.wowhead.com/fr/item=60954";"";"";""
"2758";"Faucon-dragon cobalt";"midnight";"12.0";"Butin";"Facile";"Créatures rares | Bois des Chants éternels";"2";"Bois des Chants éternels";"Royaumes de l’Est | Quel’Thalas";"15173 | 15968";"midnight";"Plusieurs candidates - choix manuel";"https://www.mamytwink.com/montures/faucon-dragon-cobalt";"https://www.wowhead.com/fr/item=257147";"";"";""
"2762";"Faucon-pérégrin céruléen";"midnight";"12.0";"Butin";"Facile";"Créatures rares | Bois des Chants éternels";"2";"Bois des Chants éternels";"Royaumes de l’Est | Quel’Thalas";"15173 | 15968";"midnight";"Plusieurs candidates - choix manuel";"https://www.mamytwink.com/montures/faucon-peregrin-ceruleen";"https://www.wowhead.com/fr/item=257156";"";"";""
"1772";"Pterreurdactyle écarlate";"dragonflight";"10.1.5";"Quête";"Facile";"L'heure de s'envoler | Dazar'alor | Kalatak";"1";"Dazar’alor";"Zandalar";"8670";"battle-for-azeroth";"Candidate unique - ? confirmer";"https://www.mamytwink.com/montures/renes-de-pterreurdactyle-ecarlate";"https://www.wowhead.com/fr/item=206566";"";"";""
"1206";"Bondisseuse des marais bleue";"bfa";"8.1";"Vendeur";"Facile";"Nazmir | Gottum";"1";"Nazmir";"Zandalar";"8500";"battle-for-azeroth";"Candidate unique - ? confirmer";"https://www.mamytwink.com/montures/bondisseuse-des-marais-bleue";"https://www.wowhead.com/fr/item=166442";"";"";""
"1207";"Bondisseuse des marais jaune";"bfa";"8.1";"Vendeur";"Facile";"Nazmir | Gottum";"1";"Nazmir";"Zandalar";"8500";"battle-for-azeroth";"Candidate unique - ? confirmer";"https://www.mamytwink.com/montures/bondisseuse-des-marais-jaune";"https://www.wowhead.com/fr/item=166443";"";"";""
"1012";"Bondisseuse des marais verte";"bfa";"8.1";"Vendeur";"Facile";"Nazmir | Gottum";"1";"Nazmir";"Zandalar";"8500";"battle-for-azeroth";"Candidate unique - ? confirmer";"https://www.mamytwink.com/montures/bondisseuse-des-marais-verte";"https://www.wowhead.com/fr/item=163183";"";"";""
"1061";"Grouillante de sang de l’Expédition";"bfa";"8.0";"Réputation";"Facile";"Expédition de Talanji | Exalté | Nazmir";"1";"Nazmir";"Zandalar";"8500";"battle-for-azeroth";"Candidate unique - ? confirmer";"https://www.mamytwink.com/montures/renes-de-grouillante-de-sang-de-lexpedition";"https://www.wowhead.com/fr/item=161774";"";"";""
"1059";"Traqueur des marais capturé";"bfa";"8.2";"Réputation";"Facile";"Expédition de Talanji | Exalté | Nazmir | Vol dans BFA";"1";"Nazmir";"Zandalar";"8500";"battle-for-azeroth";"Candidate unique - ? confirmer";"https://www.mamytwink.com/montures/renes-de-traqueur-des-marais-capture";"https://www.wowhead.com/fr/item=161666";"";"";""
"926";"Hyène d’albâtre";"bfa";"8.0";"Réputation";"Facile";"Les Volduni | Exalté | Vol'dun";"1";"Vol’dun";"Zandalar";"8501";"battle-for-azeroth";"Candidate unique - ? confirmer";"https://www.mamytwink.com/montures/renes-de-hyene-dalbatre";"https://www.wowhead.com/fr/item=161773";"";"";""
"1060";"Rase-dunes volduni";"bfa";"8.2";"Réputation";"Facile";"Les Volduni | Exalté | Vol'dun | Vol dans BFA";"1";"Vol’dun";"Zandalar";"8501";"battle-for-azeroth";"Candidate unique - ? confirmer";"https://www.mamytwink.com/montures/renes-de-rase-dunes-volduni";"https://www.wowhead.com/fr/item=161667";"";"";""
"1324";"Vif-sabot insaisissable";"bfa";"8.3";"Butin";"Moyen";"Vol'dun | Mélange de légumes de la mer";"1";"Vol’dun";"Zandalar";"8501";"battle-for-azeroth";"Candidate unique - ? confirmer";"https://www.mamytwink.com/montures/renes-de-vif-sabot-insaisissable";"https://www.wowhead.com/fr/item=174860";"";"";""
"1058";"Pterreurdactyle cobalt";"bfa";"8.0";"Réputation";"Facile";"Empire Zandalari | Exalté | Zuldazar";"2";"Zuldazar";"Zandalar";"8499 | 9570";"battle-for-azeroth";"Plusieurs candidates - choix manuel";"https://www.mamytwink.com/montures/renes-de-pterreurdactyle-cobalt";"https://www.wowhead.com/fr/item=161665";"";"";""
"958";"Pterreurdaile spectral";"bfa";"8.2";"Réputation";"Facile";"Empire Zandalari | Exalté | Zuldazar | Vol dans BFA";"2";"Zuldazar";"Zandalar";"8499 | 9570";"battle-for-azeroth";"Plusieurs candidates - choix manuel";"https://www.mamytwink.com/montures/renes-de-pterreurdaile-spectral";"https://www.wowhead.com/fr/item=161664";"";"";""
